{
	"format_version": "1.9.0",
	"credit": "Made with Blockbench",
	"texture_size": [32, 32],
	"textures": {
		"0": "active_grenade",
		"particle": "active_grenade"
	},
	"elements": [
		{
			"from": [6, 0, 6],
			"to": [10, 1, 10],
			"rotation": {"angle": 0, "axis": "y", "origin": [7, 0, 7]},
			"faces": {
				"north": {"uv": [7, 7, 9, 7.5], "texture": "#0"},
				"east": {"uv": [7, 7.5, 9, 8], "texture": "#0"},
				"south": {"uv": [3, 8, 5, 8.5], "texture": "#0"},
				"west": {"uv": [8, 3, 10, 3.5], "texture": "#0"},
				"up": {"uv": [5, 8, 3, 6], "texture": "#0"},
				"down": {"uv": [8, 3, 6, 5], "texture": "#0"}
			}
		},
		{
			"from": [6, 7, 6],
			"to": [10, 8, 10],
			"rotation": {"angle": 0, "axis": "y", "origin": [7, 7, 7]},
			"faces": {
				"north": {"uv": [8, 3.5, 10, 4], "texture": "#0"},
				"east": {"uv": [8, 4, 10, 4.5], "texture": "#0"},
				"south": {"uv": [8, 4.5, 10, 5], "texture": "#0"},
				"west": {"uv": [5, 8, 7, 8.5], "texture": "#0"},
				"up": {"uv": [7, 8, 5, 6], "texture": "#0"},
				"down": {"uv": [9, 5, 7, 7], "texture": "#0"}
			}
		},
		{
			"from": [7.5, 8, 7.5],
			"to": [8.5, 10, 8.5],
			"rotation": {"angle": 0, "axis": "y", "origin": [7, 8, 7]},
			"faces": {
				"north": {"uv": [8, 8, 8.5, 9], "texture": "#0"},
				"east": {"uv": [3, 8.5, 3.5, 9.5], "texture": "#0"},
				"south": {"uv": [3.5, 8.5, 4, 9.5], "texture": "#0"},
				"west": {"uv": [4, 8.5, 4.5, 9.5], "texture": "#0"},
				"up": {"uv": [5, 9, 4.5, 8.5], "texture": "#0"},
				"down": {"uv": [5.5, 8.5, 5, 9], "texture": "#0"}
			}
		},
		{
			"from": [5, 1, 5],
			"to": [11, 7, 11],
			"rotation": {"angle": 0, "axis": "y", "origin": [7, 0, 7]},
			"faces": {
				"north": {"uv": [0, 0, 3, 3], "texture": "#0"},
				"east": {"uv": [0, 3, 3, 6], "texture": "#0"},
				"south": {"uv": [3, 0, 6, 3], "texture": "#0"},
				"west": {"uv": [3, 3, 6, 6], "texture": "#0"},
				"up": {"uv": [3, 9, 0, 6], "texture": "#0"},
				"down": {"uv": [9, 0, 6, 3], "texture": "#0"}
			}
		}
	],
	"display": {
		"thirdperson_righthand": {
			"rotation": [-17, -90, 0],
			"translation": [0, 3.25, -1.5],
			"scale": [0.75, 0.75, 0.75]
		},
		"thirdperson_lefthand": {
			"rotation": [-17, 90, 0],
			"translation": [0, 3.25, -1.5],
			"scale": [0.75, 0.75, 0.75]
		},
		"firstperson_righthand": {
			"rotation": [0, -160, -1],
			"translation": [-1.75, 6.25, 3]
		},
		"firstperson_lefthand": {
			"rotation": [0, 20, -1],
			"translation": [-1.75, 6.25, 3]
		},
		"ground": {
			"rotation": [90, 0, 0],
			"translation": [0, 0.25, 2.25],
			"scale": [0.75, 0.75, 0.75]
		},
		"gui": {
			"rotation": [21, -159, 0],
			"translation": [0.25, 3.5, 0],
			"scale": [1.25, 1.25, 1.25]
		},
		"head": {
			"translation": [0, 14.5, 0]
		},
		"fixed": {
			"translation": [0, 4.25, 0],
			"scale": [1.5, 1.5, 1.5]
		}
	},
	"groups": [
		{
			"name": "active_grenade",
			"origin": [8, 8, 8],
			"color": 0,
			"children": [
				{
					"name": "grenade",
					"origin": [8, 8, 8],
					"color": 0,
					"children": [
						{
							"name": "grenade",
							"origin": [8, 8, 8],
							"color": 0,
							"children": [
								{
									"name": "grenade",
									"origin": [8, 8, 8],
									"color": 0,
									"children": [
										{
											"name": "grenade",
											"origin": [8, 8, 8],
											"color": 0,
											"children": [0, 1, 2, 3]
										}
									]
								}
							]
						}
					]
				}
			]
		}
	]
}