{
	"credit": "Made with Blockbench",
	"textures": {
		"0": "block/closedbeartrap1",
		"1": "block/closedbeartrap2",
		"particle": "block/closedbeartrap1"
	},
	"elements": [
		{
			"from": [6.03683, 0.43683, 6],
			"to": [8.03683, 1.43683, 10],
			"rotation": {"angle": 0, "axis": "z", "origin": [16.6, 4.43683, 8]},
			"faces": {
				"north": {"uv": [2.25, 7.25, 2.75, 7.75], "rotation": 90, "texture": "#0"},
				"east": {"uv": [3.25, 7.25, 3.75, 7.75], "rotation": 270, "texture": "#0"},
				"south": {"uv": [4.25, 7.25, 4.75, 7.75], "rotation": 270, "texture": "#0"},
				"west": {"uv": [5.25, 7.25, 5.75, 7.75], "rotation": 270, "texture": "#0"},
				"up": {"uv": [6.25, 7.25, 6.75, 7.75], "rotation": 270, "texture": "#0"},
				"down": {"uv": [7.25, 7.25, 7.75, 7.75], "rotation": 270, "texture": "#0"}
			}
		},
		{
			"from": [6.03683, 0.43683, 10],
			"to": [7.03683, 1.43683, 16],
			"rotation": {"angle": 0, "axis": "z", "origin": [16.6, 4.43683, 8]},
			"faces": {
				"north": {"uv": [12.25, 6.25, 12.75, 6.75], "rotation": 90, "texture": "#0"},
				"east": {"uv": [13.25, 6.25, 13.75, 6.75], "rotation": 270, "texture": "#0"},
				"south": {"uv": [14.25, 6.25, 14.75, 6.75], "rotation": 270, "texture": "#0"},
				"west": {"uv": [15.25, 6.25, 15.75, 6.75], "rotation": 270, "texture": "#0"},
				"up": {"uv": [0.25, 7.25, 0.75, 7.75], "rotation": 270, "texture": "#0"},
				"down": {"uv": [1.25, 7.25, 1.75, 7.75], "rotation": 270, "texture": "#0"}
			}
		},
		{
			"from": [6.03683, 0.43683, 0],
			"to": [7.03683, 1.43683, 6],
			"rotation": {"angle": 0, "axis": "z", "origin": [16.6, 4.43683, 8]},
			"faces": {
				"north": {"uv": [0.25, 6.25, 0.75, 6.75], "rotation": 90, "texture": "#0"},
				"east": {"uv": [1.25, 6.25, 1.75, 6.75], "rotation": 270, "texture": "#0"},
				"south": {"uv": [2.25, 6.25, 2.75, 6.75], "rotation": 270, "texture": "#0"},
				"west": {"uv": [3.25, 6.25, 3.75, 6.75], "rotation": 270, "texture": "#0"},
				"up": {"uv": [4.25, 6.25, 4.75, 6.75], "rotation": 270, "texture": "#0"},
				"down": {"uv": [5.25, 6.25, 5.75, 6.75], "rotation": 270, "texture": "#0"}
			}
		},
		{
			"from": [6.03683, 1.43683, 0],
			"to": [7.03683, 8.43683, 1],
			"rotation": {"angle": 0, "axis": "z", "origin": [16.6, 4.43683, 8]},
			"faces": {
				"north": {"uv": [10.25, 5.25, 10.75, 5.75], "rotation": 90, "texture": "#0"},
				"east": {"uv": [11.25, 5.25, 11.75, 5.75], "rotation": 270, "texture": "#0"},
				"south": {"uv": [12.25, 5.25, 12.75, 5.75], "rotation": 270, "texture": "#0"},
				"west": {"uv": [13.25, 5.25, 13.75, 5.75], "rotation": 270, "texture": "#0"},
				"up": {"uv": [14.25, 5.25, 14.75, 5.75], "rotation": 270, "texture": "#0"},
				"down": {"uv": [15.25, 5.25, 15.75, 5.75], "rotation": 270, "texture": "#0"}
			}
		},
		{
			"from": [6.03683, 7.43683, 1],
			"to": [7.03683, 8.43683, 15],
			"rotation": {"angle": 0, "axis": "z", "origin": [16.6, 4.43683, 8]},
			"faces": {
				"north": {"uv": [4.25, 5.25, 4.75, 5.75], "rotation": 90, "texture": "#0"},
				"east": {"uv": [5.25, 5.25, 5.75, 5.75], "rotation": 270, "texture": "#0"},
				"south": {"uv": [6.25, 5.25, 6.75, 5.75], "rotation": 270, "texture": "#0"},
				"west": {"uv": [7.25, 5.25, 7.75, 5.75], "rotation": 270, "texture": "#0"},
				"up": {"uv": [8.25, 5.25, 8.75, 5.75], "rotation": 270, "texture": "#0"},
				"down": {"uv": [9.25, 5.25, 9.75, 5.75], "rotation": 270, "texture": "#0"}
			}
		},
		{
			"from": [6.03683, 1.43683, 15],
			"to": [7.03683, 8.43683, 16],
			"rotation": {"angle": 0, "axis": "z", "origin": [16.6, 4.43683, 8]},
			"faces": {
				"north": {"uv": [6.25, 6.25, 6.75, 6.75], "rotation": 90, "texture": "#0"},
				"east": {"uv": [7.25, 6.25, 7.75, 6.75], "rotation": 270, "texture": "#0"},
				"south": {"uv": [8.25, 6.25, 8.75, 6.75], "rotation": 270, "texture": "#0"},
				"west": {"uv": [9.25, 6.25, 9.75, 6.75], "rotation": 270, "texture": "#0"},
				"up": {"uv": [10.25, 6.25, 10.75, 6.75], "rotation": 270, "texture": "#0"},
				"down": {"uv": [11.25, 6.25, 11.75, 6.75], "rotation": 270, "texture": "#0"}
			}
		},
		{
			"from": [8.73683, 1.43683, 15],
			"to": [9.73683, 8.43683, 16],
			"rotation": {"angle": 0, "axis": "z", "origin": [8.5, 4.43683, 8]},
			"faces": {
				"north": {"uv": [8.25, 7.25, 8.75, 7.75], "rotation": 90, "texture": "#1"},
				"east": {"uv": [9.25, 7.25, 9.75, 7.75], "rotation": 270, "texture": "#1"},
				"south": {"uv": [10.25, 7.25, 10.75, 7.75], "rotation": 270, "texture": "#1"},
				"west": {"uv": [11.25, 7.25, 11.75, 7.75], "rotation": 270, "texture": "#1"},
				"up": {"uv": [12.25, 7.25, 12.75, 7.75], "rotation": 270, "texture": "#1"},
				"down": {"uv": [13.25, 7.25, 13.75, 7.75], "rotation": 270, "texture": "#1"}
			}
		},
		{
			"from": [7.93683, 0.43683, 6],
			"to": [9.73683, 1.43683, 10],
			"rotation": {"angle": 0, "axis": "y", "origin": [8.5, 4.43683, 8]},
			"faces": {
				"north": {"uv": [12.25, 12.25, 12.75, 12.75], "rotation": 90, "texture": "#1"},
				"east": {"uv": [13.25, 12.25, 13.75, 12.75], "rotation": 270, "texture": "#1"},
				"south": {"uv": [14.25, 12.25, 14.75, 12.75], "rotation": 270, "texture": "#1"},
				"west": {"uv": [15.25, 12.25, 15.75, 12.75], "rotation": 270, "texture": "#1"},
				"up": {"uv": [0.25, 13.25, 0.75, 13.75], "rotation": 270, "texture": "#1"},
				"down": {"uv": [1.25, 13.25, 1.75, 13.75], "rotation": 270, "texture": "#1"}
			}
		},
		{
			"from": [8.73683, 0.43683, 10],
			"to": [9.73683, 1.43683, 16],
			"rotation": {"angle": 0, "axis": "y", "origin": [8.5, 4.43683, 8]},
			"faces": {
				"north": {"uv": [2.25, 13.25, 2.75, 13.75], "rotation": 90, "texture": "#1"},
				"east": {"uv": [3.25, 13.25, 3.75, 13.75], "rotation": 270, "texture": "#1"},
				"south": {"uv": [4.25, 13.25, 4.75, 13.75], "rotation": 270, "texture": "#1"},
				"west": {"uv": [5.25, 13.25, 5.75, 13.75], "rotation": 270, "texture": "#1"},
				"up": {"uv": [6.25, 13.25, 6.75, 13.75], "rotation": 270, "texture": "#1"},
				"down": {"uv": [7.25, 13.25, 7.75, 13.75], "rotation": 270, "texture": "#1"}
			}
		},
		{
			"from": [8.73683, 0.43683, 0],
			"to": [9.73683, 1.43683, 6],
			"rotation": {"angle": 0, "axis": "y", "origin": [8.5, 4.43683, 8]},
			"faces": {
				"north": {"uv": [6.25, 12.25, 6.75, 12.75], "texture": "#1"},
				"east": {"uv": [7.25, 12.25, 7.75, 12.75], "texture": "#1"},
				"south": {"uv": [8.25, 12.25, 8.75, 12.75], "texture": "#1"},
				"west": {"uv": [9.25, 12.25, 9.75, 12.75], "texture": "#1"},
				"up": {"uv": [10.25, 12.25, 10.75, 12.75], "texture": "#1"},
				"down": {"uv": [11.25, 12.25, 11.75, 12.75], "texture": "#1"}
			}
		},
		{
			"from": [8.73683, 1.43683, 0],
			"to": [9.73683, 8.43683, 1],
			"rotation": {"angle": 0, "axis": "y", "origin": [8.5, 4.43683, 8]},
			"faces": {
				"north": {"uv": [12.25, 9.25, 12.75, 9.75], "rotation": 90, "texture": "#1"},
				"east": {"uv": [13.25, 9.25, 13.75, 9.75], "rotation": 270, "texture": "#1"},
				"south": {"uv": [14.25, 9.25, 14.75, 9.75], "rotation": 270, "texture": "#1"},
				"west": {"uv": [15.25, 9.25, 15.75, 9.75], "rotation": 270, "texture": "#1"},
				"up": {"uv": [0.25, 10.25, 0.75, 10.75], "rotation": 270, "texture": "#1"},
				"down": {"uv": [1.25, 10.25, 1.75, 10.75], "rotation": 270, "texture": "#1"}
			}
		},
		{
			"from": [8.73683, 7.43683, 1],
			"to": [9.73683, 8.43683, 15],
			"rotation": {"angle": 0, "axis": "y", "origin": [-6.2, 3.43683, 8]},
			"faces": {
				"north": {"uv": [6.25, 9.25, 6.75, 9.75], "rotation": 90, "texture": "#1"},
				"east": {"uv": [7.25, 9.25, 7.75, 9.75], "rotation": 270, "texture": "#1"},
				"south": {"uv": [8.25, 9.25, 8.75, 9.75], "rotation": 270, "texture": "#1"},
				"west": {"uv": [9.25, 9.25, 9.75, 9.75], "rotation": 270, "texture": "#1"},
				"up": {"uv": [10.25, 9.25, 10.75, 9.75], "rotation": 270, "texture": "#1"},
				"down": {"uv": [11.25, 9.25, 11.75, 9.75], "rotation": 270, "texture": "#1"}
			}
		},
		{
			"from": [7.03683, 7.68683, 14.1],
			"to": [8.33683, 8.18683, 15.1],
			"rotation": {"angle": 0, "axis": "z", "origin": [16.6, 4.43683, 9]},
			"faces": {
				"north": {"uv": [14.25, 4.25, 14.75, 4.75], "rotation": 90, "texture": "#0"},
				"east": {"uv": [15.25, 4.25, 15.75, 4.75], "rotation": 270, "texture": "#0"},
				"south": {"uv": [0.25, 5.25, 0.75, 5.75], "rotation": 270, "texture": "#0"},
				"west": {"uv": [1.25, 5.25, 1.75, 5.75], "rotation": 270, "texture": "#0"},
				"up": {"uv": [2.25, 5.25, 2.75, 5.75], "rotation": 270, "texture": "#0"},
				"down": {"uv": [3.25, 5.25, 3.75, 5.75], "rotation": 270, "texture": "#0"}
			}
		},
		{
			"from": [7.7, 7.68683, 14.8],
			"to": [8.4, 8.18683, 15.5],
			"rotation": {"angle": 45, "axis": "y", "origin": [7.55092, 7.93683, 14.56868]},
			"faces": {
				"north": {"uv": [8.25, 4.25, 8.75, 4.75], "rotation": 90, "texture": "#0"},
				"east": {"uv": [9.25, 4.25, 9.75, 4.75], "rotation": 270, "texture": "#0"},
				"south": {"uv": [10.25, 4.25, 10.75, 4.75], "rotation": 270, "texture": "#0"},
				"west": {"uv": [11.25, 4.25, 11.75, 4.75], "rotation": 270, "texture": "#0"},
				"up": {"uv": [12.25, 4.25, 12.75, 4.75], "rotation": 270, "texture": "#0"},
				"down": {"uv": [13.25, 4.25, 13.75, 4.75], "rotation": 270, "texture": "#0"}
			}
		},
		{
			"from": [9.15, 7.68683, 13.4],
			"to": [9.85, 8.18683, 14.1],
			"rotation": {"angle": 45, "axis": "y", "origin": [7.55092, 7.93683, 14.56868]},
			"faces": {
				"north": {"uv": [2.25, 4.25, 2.75, 4.75], "rotation": 90, "texture": "#0"},
				"east": {"uv": [3.25, 4.25, 3.75, 4.75], "rotation": 270, "texture": "#0"},
				"south": {"uv": [4.25, 4.25, 4.75, 4.75], "rotation": 270, "texture": "#0"},
				"west": {"uv": [5.25, 4.25, 5.75, 4.75], "rotation": 270, "texture": "#0"},
				"up": {"uv": [6.25, 4.25, 6.75, 4.75], "rotation": 270, "texture": "#0"},
				"down": {"uv": [7.25, 4.25, 7.75, 4.75], "rotation": 270, "texture": "#0"}
			}
		},
		{
			"from": [10.55, 7.68683, 11.95],
			"to": [11.25, 8.18683, 12.65],
			"rotation": {"angle": 45, "axis": "y", "origin": [7.55092, 7.93683, 14.56868]},
			"faces": {
				"north": {"uv": [0.25, 3.25, 0.75, 3.75], "rotation": 90, "texture": "#0"},
				"east": {"uv": [1.25, 3.25, 1.75, 3.75], "rotation": 270, "texture": "#0"},
				"south": {"uv": [2.25, 3.25, 2.75, 3.75], "rotation": 270, "texture": "#0"},
				"west": {"uv": [3.25, 3.25, 3.75, 3.75], "rotation": 270, "texture": "#0"},
				"up": {"uv": [4.25, 3.25, 4.75, 3.75], "rotation": 270, "texture": "#0"},
				"down": {"uv": [5.25, 3.25, 5.75, 3.75], "rotation": 270, "texture": "#0"}
			}
		},
		{
			"from": [11.95, 7.68683, 10.55],
			"to": [12.65, 8.18683, 11.25],
			"rotation": {"angle": 45, "axis": "y", "origin": [7.55092, 7.93683, 14.56868]},
			"faces": {
				"north": {"uv": [10.25, 2.25, 10.75, 2.75], "rotation": 90, "texture": "#0"},
				"east": {"uv": [11.25, 2.25, 11.75, 2.75], "rotation": 270, "texture": "#0"},
				"south": {"uv": [12.25, 2.25, 12.75, 2.75], "rotation": 270, "texture": "#0"},
				"west": {"uv": [13.25, 2.25, 13.75, 2.75], "rotation": 270, "texture": "#0"},
				"up": {"uv": [14.25, 2.25, 14.75, 2.75], "rotation": 270, "texture": "#0"},
				"down": {"uv": [15.25, 2.25, 15.75, 2.75], "rotation": 270, "texture": "#0"}
			}
		},
		{
			"from": [13.4, 7.68683, 9.15],
			"to": [14.1, 8.18683, 9.85],
			"rotation": {"angle": 45, "axis": "y", "origin": [7.55092, 7.93683, 14.56868]},
			"faces": {
				"north": {"uv": [8.25, 1.25, 8.75, 1.75], "rotation": 90, "texture": "#0"},
				"east": {"uv": [9.25, 1.25, 9.75, 1.75], "rotation": 270, "texture": "#0"},
				"south": {"uv": [10.25, 1.25, 10.75, 1.75], "rotation": 270, "texture": "#0"},
				"west": {"uv": [11.25, 1.25, 11.75, 1.75], "rotation": 270, "texture": "#0"},
				"up": {"uv": [12.25, 1.25, 12.75, 1.75], "rotation": 270, "texture": "#0"},
				"down": {"uv": [13.25, 1.25, 13.75, 1.75], "rotation": 270, "texture": "#0"}
			}
		},
		{
			"from": [14.8, 7.68683, 7.7],
			"to": [15.5, 8.18683, 8.4],
			"rotation": {"angle": 45, "axis": "y", "origin": [7.55092, 7.93683, 14.56868]},
			"faces": {
				"north": {"uv": [6.25, 0.25, 6.75, 0.75], "rotation": 90, "texture": "#0"},
				"east": {"uv": [7.25, 0.25, 7.75, 0.75], "rotation": 270, "texture": "#0"},
				"south": {"uv": [8.25, 0.25, 8.75, 0.75], "rotation": 270, "texture": "#0"},
				"west": {"uv": [9.25, 0.25, 9.75, 0.75], "rotation": 270, "texture": "#0"},
				"up": {"uv": [10.25, 0.25, 10.75, 0.75], "rotation": 270, "texture": "#0"},
				"down": {"uv": [11.25, 0.25, 11.75, 0.75], "rotation": 270, "texture": "#0"}
			}
		},
		{
			"from": [16.2, 7.68683, 6.3],
			"to": [16.9, 8.18683, 7],
			"rotation": {"angle": 45, "axis": "y", "origin": [7.55092, 7.93683, 14.56868]},
			"faces": {
				"north": {"uv": [2.25, 1.25, 2.75, 1.75], "rotation": 90, "texture": "#0"},
				"east": {"uv": [3.25, 1.25, 3.75, 1.75], "rotation": 270, "texture": "#0"},
				"south": {"uv": [4.25, 1.25, 4.75, 1.75], "rotation": 270, "texture": "#0"},
				"west": {"uv": [5.25, 1.25, 5.75, 1.75], "rotation": 270, "texture": "#0"},
				"up": {"uv": [6.25, 1.25, 6.75, 1.75], "rotation": 270, "texture": "#0"},
				"down": {"uv": [7.25, 1.25, 7.75, 1.75], "rotation": 270, "texture": "#0"}
			}
		},
		{
			"from": [7.03683, 7.68683, 12.1],
			"to": [8.33683, 8.18683, 13.1],
			"rotation": {"angle": 0, "axis": "z", "origin": [16.6, 4.43683, 9]},
			"faces": {
				"north": {"uv": [12.25, 3.25, 12.75, 3.75], "rotation": 90, "texture": "#0"},
				"east": {"uv": [13.25, 3.25, 13.75, 3.75], "rotation": 270, "texture": "#0"},
				"south": {"uv": [14.25, 3.25, 14.75, 3.75], "rotation": 270, "texture": "#0"},
				"west": {"uv": [15.25, 3.25, 15.75, 3.75], "rotation": 270, "texture": "#0"},
				"up": {"uv": [0.25, 4.25, 0.75, 4.75], "rotation": 270, "texture": "#0"},
				"down": {"uv": [1.25, 4.25, 1.75, 4.75], "rotation": 270, "texture": "#0"}
			}
		},
		{
			"from": [7.03683, 7.68683, 10.1],
			"to": [8.33683, 8.18683, 11.1],
			"rotation": {"angle": 0, "axis": "z", "origin": [16.6, 4.43683, 9]},
			"faces": {
				"north": {"uv": [6.25, 3.25, 6.75, 3.75], "rotation": 90, "texture": "#0"},
				"east": {"uv": [7.25, 3.25, 7.75, 3.75], "rotation": 270, "texture": "#0"},
				"south": {"uv": [8.25, 3.25, 8.75, 3.75], "rotation": 270, "texture": "#0"},
				"west": {"uv": [9.25, 3.25, 9.75, 3.75], "rotation": 270, "texture": "#0"},
				"up": {"uv": [10.25, 3.25, 10.75, 3.75], "rotation": 270, "texture": "#0"},
				"down": {"uv": [11.25, 3.25, 11.75, 3.75], "rotation": 270, "texture": "#0"}
			}
		},
		{
			"from": [8.67249, 7.68683, 9.39026],
			"to": [9.37249, 8.18683, 10.09026],
			"rotation": {"angle": 0, "axis": "z", "origin": [8.5, 4.43683, 8]},
			"color": 8,
			"faces": {
				"north": {"uv": [8, 11, 8.5, 11.5], "rotation": 90, "texture": "#missing"},
				"east": {"uv": [11.5, 9, 11, 9.5], "rotation": 270, "texture": "#missing"},
				"south": {"uv": [8.5, 11, 9, 11.5], "rotation": 270, "texture": "#missing"},
				"west": {"uv": [9.5, 11.5, 9, 11], "rotation": 270, "texture": "#missing"},
				"up": {"uv": [11, 8, 11.5, 8.5], "rotation": 270, "texture": "#missing"},
				"down": {"uv": [11, 8.5, 11.5, 9], "rotation": 270, "texture": "#missing"}
			}
		},
		{
			"from": [7.03683, 7.68683, 8.1],
			"to": [8.33683, 8.18683, 9.1],
			"rotation": {"angle": 0, "axis": "z", "origin": [16.6, 4.43683, 9]},
			"faces": {
				"north": {"uv": [4.25, 2.25, 4.75, 2.75], "rotation": 90, "texture": "#0"},
				"east": {"uv": [5.25, 2.25, 5.75, 2.75], "rotation": 270, "texture": "#0"},
				"south": {"uv": [6.25, 2.25, 6.75, 2.75], "rotation": 270, "texture": "#0"},
				"west": {"uv": [7.25, 2.25, 7.75, 2.75], "rotation": 270, "texture": "#0"},
				"up": {"uv": [8.25, 2.25, 8.75, 2.75], "rotation": 270, "texture": "#0"},
				"down": {"uv": [9.25, 2.25, 9.75, 2.75], "rotation": 270, "texture": "#0"}
			}
		},
		{
			"from": [7.03683, 7.68683, 6.1],
			"to": [8.33683, 8.18683, 7.1],
			"rotation": {"angle": 0, "axis": "z", "origin": [16.6, 4.43683, 9]},
			"faces": {
				"north": {"uv": [14.25, 1.25, 14.75, 1.75], "rotation": 90, "texture": "#0"},
				"east": {"uv": [15.25, 1.25, 15.75, 1.75], "rotation": 270, "texture": "#0"},
				"south": {"uv": [0.25, 2.25, 0.75, 2.75], "rotation": 270, "texture": "#0"},
				"west": {"uv": [1.25, 2.25, 1.75, 2.75], "rotation": 270, "texture": "#0"},
				"up": {"uv": [2.25, 2.25, 2.75, 2.75], "rotation": 270, "texture": "#0"},
				"down": {"uv": [3.25, 2.25, 3.75, 2.75], "rotation": 270, "texture": "#0"}
			}
		},
		{
			"from": [7.03683, 7.68683, 4.1],
			"to": [8.33683, 8.18683, 5.1],
			"rotation": {"angle": 0, "axis": "z", "origin": [16.6, 4.43683, 9]},
			"faces": {
				"north": {"uv": [12.25, 0.25, 12.75, 0.75], "rotation": 90, "texture": "#0"},
				"east": {"uv": [13.25, 0.25, 13.75, 0.75], "rotation": 270, "texture": "#0"},
				"south": {"uv": [14.25, 0.25, 14.75, 0.75], "rotation": 270, "texture": "#0"},
				"west": {"uv": [15.25, 0.25, 15.75, 0.75], "rotation": 270, "texture": "#0"},
				"up": {"uv": [0.25, 1.25, 0.75, 1.75], "rotation": 270, "texture": "#0"},
				"down": {"uv": [1.25, 1.25, 1.75, 1.75], "rotation": 270, "texture": "#0"}
			}
		},
		{
			"from": [7.03683, 7.68683, 2.1],
			"to": [8.33683, 8.18683, 3.1],
			"rotation": {"angle": 0, "axis": "z", "origin": [16.6, 4.43683, 9]},
			"faces": {
				"north": {"uv": [0.25, 0.25, 0.75, 0.75], "rotation": 90, "texture": "#0"},
				"east": {"uv": [1.25, 0.25, 1.75, 0.75], "rotation": 270, "texture": "#0"},
				"south": {"uv": [2.25, 0.25, 2.75, 0.75], "rotation": 270, "texture": "#0"},
				"west": {"uv": [3.25, 0.25, 3.75, 0.75], "rotation": 270, "texture": "#0"},
				"up": {"uv": [4.25, 0.25, 4.75, 0.75], "rotation": 270, "texture": "#0"},
				"down": {"uv": [5.25, 0.25, 5.75, 0.75], "rotation": 270, "texture": "#0"}
			}
		},
		{
			"from": [7.58683, 1.43683, 15.25],
			"to": [8.93683, 2.43683, 15.75],
			"rotation": {"angle": 0, "axis": "z", "origin": [8.5, 4.43683, 8]},
			"faces": {
				"north": {"uv": [10.25, 8.25, 10.75, 8.75], "rotation": 90, "texture": "#1"},
				"east": {"uv": [11.25, 8.25, 11.75, 8.75], "rotation": 270, "texture": "#1"},
				"south": {"uv": [12.25, 8.25, 12.75, 8.75], "rotation": 270, "texture": "#1"},
				"west": {"uv": [13.25, 8.25, 13.75, 8.75], "rotation": 270, "texture": "#1"},
				"up": {"uv": [14.25, 8.25, 14.75, 8.75], "rotation": 270, "texture": "#1"},
				"down": {"uv": [15.25, 8.25, 15.75, 8.75], "rotation": 270, "texture": "#1"}
			}
		},
		{
			"from": [8.03045, 3.39216, 15.25],
			"to": [8.73045, 4.09216, 15.75],
			"rotation": {"angle": 45, "axis": "z", "origin": [9.4, 3.43683, 8]},
			"faces": {
				"north": {"uv": [6.25, 12.25, 6.75, 12.75], "rotation": 90, "texture": "#0"},
				"east": {"uv": [7.25, 12.25, 7.75, 12.75], "rotation": 270, "texture": "#0"},
				"south": {"uv": [8.25, 12.25, 8.75, 12.75], "rotation": 270, "texture": "#0"},
				"west": {"uv": [9.25, 12.25, 9.75, 12.75], "rotation": 270, "texture": "#0"},
				"up": {"uv": [10.25, 12.25, 10.75, 12.75], "rotation": 270, "texture": "#0"},
				"down": {"uv": [11.25, 12.25, 11.75, 12.75], "rotation": 270, "texture": "#0"}
			}
		},
		{
			"from": [6.63045, 1.99216, 15.25],
			"to": [7.33045, 2.69216, 15.75],
			"rotation": {"angle": 45, "axis": "z", "origin": [9.4, 3.43683, 8]},
			"faces": {
				"north": {"uv": [2.25, 13.25, 2.75, 13.75], "rotation": 90, "texture": "#0"},
				"east": {"uv": [3.25, 13.25, 3.75, 13.75], "rotation": 270, "texture": "#0"},
				"south": {"uv": [4.25, 13.25, 4.75, 13.75], "rotation": 270, "texture": "#0"},
				"west": {"uv": [5.25, 13.25, 5.75, 13.75], "rotation": 270, "texture": "#0"},
				"up": {"uv": [6.25, 13.25, 6.75, 13.75], "rotation": 270, "texture": "#0"},
				"down": {"uv": [7.25, 13.25, 7.75, 13.75], "rotation": 270, "texture": "#0"}
			}
		},
		{
			"from": [7.58683, 3.43683, 15.25],
			"to": [8.93683, 4.43683, 15.75],
			"rotation": {"angle": 0, "axis": "z", "origin": [8.5, 4.43683, 8]},
			"faces": {
				"north": {"uv": [14.25, 7.25, 14.75, 7.75], "rotation": 90, "texture": "#1"},
				"east": {"uv": [15.25, 7.25, 15.75, 7.75], "rotation": 270, "texture": "#1"},
				"south": {"uv": [0.25, 8.25, 0.75, 8.75], "rotation": 270, "texture": "#1"},
				"west": {"uv": [1.25, 8.25, 1.75, 8.75], "rotation": 270, "texture": "#1"},
				"up": {"uv": [2.25, 8.25, 2.75, 8.75], "rotation": 270, "texture": "#1"},
				"down": {"uv": [3.25, 8.25, 3.75, 8.75], "rotation": 270, "texture": "#1"}
			}
		},
		{
			"from": [9.44466, 4.80637, 15.25],
			"to": [10.14466, 5.50637, 15.75],
			"rotation": {"angle": 45, "axis": "z", "origin": [9.4, 3.43683, 8]},
			"faces": {
				"north": {"uv": [10.25, 11.25, 10.75, 11.75], "rotation": 90, "texture": "#0"},
				"east": {"uv": [11.25, 11.25, 11.75, 11.75], "rotation": 270, "texture": "#0"},
				"south": {"uv": [12.25, 11.25, 12.75, 11.75], "rotation": 270, "texture": "#0"},
				"west": {"uv": [13.25, 11.25, 13.75, 11.75], "rotation": 270, "texture": "#0"},
				"up": {"uv": [14.25, 11.25, 14.75, 11.75], "rotation": 270, "texture": "#0"},
				"down": {"uv": [15.25, 11.25, 15.75, 11.75], "rotation": 270, "texture": "#0"}
			}
		},
		{
			"from": [7.58683, 5.43683, 15.25],
			"to": [8.93683, 6.43683, 15.75],
			"rotation": {"angle": 0, "axis": "z", "origin": [8.5, 4.43683, 8]},
			"faces": {
				"north": {"uv": [12.25, 6.25, 12.75, 6.75], "rotation": 90, "texture": "#1"},
				"east": {"uv": [13.25, 6.25, 13.75, 6.75], "rotation": 270, "texture": "#1"},
				"south": {"uv": [14.25, 6.25, 14.75, 6.75], "rotation": 270, "texture": "#1"},
				"west": {"uv": [15.25, 6.25, 15.75, 6.75], "rotation": 270, "texture": "#1"},
				"up": {"uv": [0.25, 7.25, 0.75, 7.75], "rotation": 270, "texture": "#1"},
				"down": {"uv": [1.25, 7.25, 1.75, 7.75], "rotation": 270, "texture": "#1"}
			}
		},
		{
			"from": [7.58683, 7.43683, 15.25],
			"to": [8.93683, 8.43683, 15.75],
			"rotation": {"angle": 0, "axis": "z", "origin": [8.5, 4.43683, 8]},
			"faces": {
				"north": {"uv": [4.25, 5.25, 4.75, 5.75], "rotation": 90, "texture": "#1"},
				"east": {"uv": [5.25, 5.25, 5.75, 5.75], "rotation": 270, "texture": "#1"},
				"south": {"uv": [6.25, 5.25, 6.75, 5.75], "rotation": 270, "texture": "#1"},
				"west": {"uv": [7.25, 5.25, 7.75, 5.75], "rotation": 270, "texture": "#1"},
				"up": {"uv": [8.25, 5.25, 8.75, 5.75], "rotation": 270, "texture": "#1"},
				"down": {"uv": [9.25, 5.25, 9.75, 5.75], "rotation": 270, "texture": "#1"}
			}
		},
		{
			"from": [10.85888, 6.22058, 15.25],
			"to": [11.55888, 6.92058, 15.75],
			"rotation": {"angle": 45, "axis": "z", "origin": [9.4, 3.43683, 8]},
			"faces": {
				"north": {"uv": [14.25, 10.25, 14.75, 10.75], "rotation": 90, "texture": "#0"},
				"east": {"uv": [15.25, 10.25, 15.75, 10.75], "rotation": 270, "texture": "#0"},
				"south": {"uv": [0.25, 11.25, 0.75, 11.75], "rotation": 270, "texture": "#0"},
				"west": {"uv": [1.25, 11.25, 1.75, 11.75], "rotation": 270, "texture": "#0"},
				"up": {"uv": [2.25, 11.25, 2.75, 11.75], "rotation": 270, "texture": "#0"},
				"down": {"uv": [3.25, 11.25, 3.75, 11.75], "rotation": 270, "texture": "#0"}
			}
		},
		{
			"from": [8.54466, 5.80637, 15.25],
			"to": [9.24466, 6.50637, 15.75],
			"rotation": {"angle": 45, "axis": "z", "origin": [8.5, 4.43683, 8]},
			"faces": {
				"north": {"uv": [2.25, 7.25, 2.75, 7.75], "rotation": 90, "texture": "#1"},
				"east": {"uv": [3.25, 7.25, 3.75, 7.75], "rotation": 270, "texture": "#1"},
				"south": {"uv": [4.25, 7.25, 4.75, 7.75], "rotation": 270, "texture": "#1"},
				"west": {"uv": [5.25, 7.25, 5.75, 7.75], "rotation": 270, "texture": "#1"},
				"up": {"uv": [6.25, 7.25, 6.75, 7.75], "rotation": 270, "texture": "#1"},
				"down": {"uv": [7.25, 7.25, 7.75, 7.75], "rotation": 270, "texture": "#1"}
			}
		},
		{
			"from": [7.58683, 3.43683, 0.25],
			"to": [8.93683, 4.43683, 0.75],
			"rotation": {"angle": 0, "axis": "z", "origin": [8.5, 4.43683, 8]},
			"faces": {
				"north": {"uv": [4.25, 11.25, 4.75, 11.75], "rotation": 90, "texture": "#1"},
				"east": {"uv": [5.25, 11.25, 5.75, 11.75], "rotation": 270, "texture": "#1"},
				"south": {"uv": [6.25, 11.25, 6.75, 11.75], "rotation": 270, "texture": "#1"},
				"west": {"uv": [7.25, 11.25, 7.75, 11.75], "rotation": 270, "texture": "#1"},
				"up": {"uv": [8.25, 11.25, 8.75, 11.75], "rotation": 270, "texture": "#1"},
				"down": {"uv": [9.25, 11.25, 9.75, 11.75], "rotation": 270, "texture": "#1"}
			}
		},
		{
			"from": [7.58683, 5.43683, 0.25],
			"to": [8.93683, 6.43683, 0.75],
			"rotation": {"angle": 0, "axis": "z", "origin": [8.5, 4.43683, 8]},
			"faces": {
				"north": {"uv": [2.25, 10.25, 2.75, 10.75], "rotation": 90, "texture": "#1"},
				"east": {"uv": [3.25, 10.25, 3.75, 10.75], "rotation": 270, "texture": "#1"},
				"south": {"uv": [4.25, 10.25, 4.75, 10.75], "rotation": 270, "texture": "#1"},
				"west": {"uv": [5.25, 10.25, 5.75, 10.75], "rotation": 270, "texture": "#1"},
				"up": {"uv": [6.25, 10.25, 6.75, 10.75], "rotation": 270, "texture": "#1"},
				"down": {"uv": [7.25, 10.25, 7.75, 10.75], "rotation": 270, "texture": "#1"}
			}
		},
		{
			"from": [7.58683, 1.43683, 0.25],
			"to": [8.93683, 2.43683, 0.75],
			"rotation": {"angle": 0, "axis": "z", "origin": [8.5, 4.43683, 8]},
			"faces": {
				"north": {"uv": [10.25, 11.25, 10.75, 11.75], "rotation": 90, "texture": "#1"},
				"east": {"uv": [11.25, 11.25, 11.75, 11.75], "rotation": 270, "texture": "#1"},
				"south": {"uv": [12.25, 11.25, 12.75, 11.75], "rotation": 270, "texture": "#1"},
				"west": {"uv": [13.25, 11.25, 13.75, 11.75], "rotation": 270, "texture": "#1"},
				"up": {"uv": [14.25, 11.25, 14.75, 11.75], "rotation": 270, "texture": "#1"},
				"down": {"uv": [15.25, 11.25, 15.75, 11.75], "rotation": 270, "texture": "#1"}
			}
		},
		{
			"from": [9.34466, 4.80637, 0.25],
			"to": [10.04466, 5.50637, 0.75],
			"rotation": {"angle": 45, "axis": "z", "origin": [9.3, 3.43683, 8]},
			"faces": {
				"north": {"uv": [10.25, 8.25, 10.75, 8.75], "rotation": 90, "texture": "#0"},
				"east": {"uv": [11.25, 8.25, 11.75, 8.75], "rotation": 270, "texture": "#0"},
				"south": {"uv": [12.25, 8.25, 12.75, 8.75], "rotation": 270, "texture": "#0"},
				"west": {"uv": [13.25, 8.25, 13.75, 8.75], "rotation": 270, "texture": "#0"},
				"up": {"uv": [14.25, 8.25, 14.75, 8.75], "rotation": 270, "texture": "#0"},
				"down": {"uv": [15.25, 8.25, 15.75, 8.75], "rotation": 270, "texture": "#0"}
			}
		},
		{
			"from": [7.58683, 7.43683, 0.25],
			"to": [8.93683, 8.43683, 0.75],
			"rotation": {"angle": 0, "axis": "z", "origin": [8.5, 4.43683, 8]},
			"faces": {
				"north": {"uv": [0.25, 6.25, 0.75, 6.75], "rotation": 90, "texture": "#1"},
				"east": {"uv": [1.25, 6.25, 1.75, 6.75], "rotation": 270, "texture": "#1"},
				"south": {"uv": [2.25, 6.25, 2.75, 6.75], "rotation": 270, "texture": "#1"},
				"west": {"uv": [3.25, 6.25, 3.75, 6.75], "rotation": 270, "texture": "#1"},
				"up": {"uv": [4.25, 6.25, 4.75, 6.75], "rotation": 270, "texture": "#1"},
				"down": {"uv": [5.25, 6.25, 5.75, 6.75], "rotation": 270, "texture": "#1"}
			}
		},
		{
			"from": [7.08683, 6.43683, 15.25],
			"to": [8.43683, 7.43683, 15.75],
			"rotation": {"angle": 0, "axis": "z", "origin": [16.6, 3.43683, 8]},
			"faces": {
				"north": {"uv": [8.25, 10.25, 8.75, 10.75], "rotation": 90, "texture": "#0"},
				"east": {"uv": [9.25, 10.25, 9.75, 10.75], "rotation": 270, "texture": "#0"},
				"south": {"uv": [10.25, 10.25, 10.75, 10.75], "rotation": 270, "texture": "#0"},
				"west": {"uv": [11.25, 10.25, 11.75, 10.75], "rotation": 270, "texture": "#0"},
				"up": {"uv": [12.25, 10.25, 12.75, 10.75], "rotation": 270, "texture": "#0"},
				"down": {"uv": [13.25, 10.25, 13.75, 10.75], "rotation": 270, "texture": "#0"}
			}
		},
		{
			"from": [7.08683, 4.43683, 15.25],
			"to": [8.43683, 5.43683, 15.75],
			"rotation": {"angle": 0, "axis": "z", "origin": [16.6, 3.43683, 8]},
			"faces": {
				"north": {"uv": [4.25, 11.25, 4.75, 11.75], "rotation": 90, "texture": "#0"},
				"east": {"uv": [5.25, 11.25, 5.75, 11.75], "rotation": 270, "texture": "#0"},
				"south": {"uv": [6.25, 11.25, 6.75, 11.75], "rotation": 270, "texture": "#0"},
				"west": {"uv": [7.25, 11.25, 7.75, 11.75], "rotation": 270, "texture": "#0"},
				"up": {"uv": [8.25, 11.25, 8.75, 11.75], "rotation": 270, "texture": "#0"},
				"down": {"uv": [9.25, 11.25, 9.75, 11.75], "rotation": 270, "texture": "#0"}
			}
		},
		{
			"from": [7.08683, 2.43683, 15.25],
			"to": [8.43683, 3.43683, 15.75],
			"rotation": {"angle": 0, "axis": "z", "origin": [16.6, 3.43683, 8]},
			"faces": {
				"north": {"uv": [0.25, 12.25, 0.75, 12.75], "rotation": 90, "texture": "#0"},
				"east": {"uv": [1.25, 12.25, 1.75, 12.75], "rotation": 270, "texture": "#0"},
				"south": {"uv": [2.25, 12.25, 2.75, 12.75], "rotation": 270, "texture": "#0"},
				"west": {"uv": [3.25, 12.25, 3.75, 12.75], "rotation": 270, "texture": "#0"},
				"up": {"uv": [4.25, 12.25, 4.75, 12.75], "rotation": 270, "texture": "#0"},
				"down": {"uv": [5.25, 12.25, 5.75, 12.75], "rotation": 270, "texture": "#0"}
			}
		},
		{
			"from": [7.08683, 0.43683, 15.25],
			"to": [8.43683, 1.43683, 15.75],
			"rotation": {"angle": 0, "axis": "z", "origin": [16.6, 3.43683, 8]},
			"faces": {
				"north": {"uv": [12.25, 12.25, 12.75, 12.75], "rotation": 90, "texture": "#0"},
				"east": {"uv": [13.25, 12.25, 13.75, 12.75], "rotation": 270, "texture": "#0"},
				"south": {"uv": [14.25, 12.25, 14.75, 12.75], "rotation": 270, "texture": "#0"},
				"west": {"uv": [15.25, 12.25, 15.75, 12.75], "rotation": 270, "texture": "#0"},
				"up": {"uv": [0.25, 13.25, 0.75, 13.75], "rotation": 270, "texture": "#0"},
				"down": {"uv": [1.25, 13.25, 1.75, 13.75], "rotation": 270, "texture": "#0"}
			}
		},
		{
			"from": [6.98683, 0.43683, 0.25],
			"to": [8.33683, 1.43683, 0.75],
			"rotation": {"angle": 0, "axis": "z", "origin": [16.5, 3.43683, 8]},
			"faces": {
				"north": {"uv": [12.25, 9.25, 12.75, 9.75], "rotation": 90, "texture": "#0"},
				"east": {"uv": [13.25, 9.25, 13.75, 9.75], "rotation": 270, "texture": "#0"},
				"south": {"uv": [14.25, 9.25, 14.75, 9.75], "rotation": 270, "texture": "#0"},
				"west": {"uv": [15.25, 9.25, 15.75, 9.75], "rotation": 270, "texture": "#0"},
				"up": {"uv": [0.25, 10.25, 0.75, 10.75], "rotation": 270, "texture": "#0"},
				"down": {"uv": [1.25, 10.25, 1.75, 10.75], "rotation": 270, "texture": "#0"}
			}
		},
		{
			"from": [6.98683, 2.43683, 0.25],
			"to": [8.33683, 3.43683, 0.75],
			"rotation": {"angle": 0, "axis": "z", "origin": [16.5, 3.43683, 8]},
			"faces": {
				"north": {"uv": [0.25, 9.25, 0.75, 9.75], "rotation": 90, "texture": "#0"},
				"east": {"uv": [1.25, 9.25, 1.75, 9.75], "rotation": 270, "texture": "#0"},
				"south": {"uv": [2.25, 9.25, 2.75, 9.75], "rotation": 270, "texture": "#0"},
				"west": {"uv": [3.25, 9.25, 3.75, 9.75], "rotation": 270, "texture": "#0"},
				"up": {"uv": [4.25, 9.25, 4.75, 9.75], "rotation": 270, "texture": "#0"},
				"down": {"uv": [5.25, 9.25, 5.75, 9.75], "rotation": 270, "texture": "#0"}
			}
		},
		{
			"from": [6.98683, 4.43683, 0.25],
			"to": [8.33683, 5.43683, 0.75],
			"rotation": {"angle": 0, "axis": "z", "origin": [16.5, 3.43683, 8]},
			"faces": {
				"north": {"uv": [4.25, 8.25, 4.75, 8.75], "rotation": 90, "texture": "#0"},
				"east": {"uv": [5.25, 8.25, 5.75, 8.75], "rotation": 270, "texture": "#0"},
				"south": {"uv": [6.25, 8.25, 6.75, 8.75], "rotation": 270, "texture": "#0"},
				"west": {"uv": [7.25, 8.25, 7.75, 8.75], "rotation": 270, "texture": "#0"},
				"up": {"uv": [8.25, 8.25, 8.75, 8.75], "rotation": 270, "texture": "#0"},
				"down": {"uv": [9.25, 8.25, 9.75, 8.75], "rotation": 270, "texture": "#0"}
			}
		},
		{
			"from": [6.98683, 6.43683, 0.25],
			"to": [8.33683, 7.43683, 0.75],
			"rotation": {"angle": 0, "axis": "z", "origin": [16.5, 3.43683, 8]},
			"faces": {
				"north": {"uv": [8.25, 7.25, 8.75, 7.75], "rotation": 90, "texture": "#0"},
				"east": {"uv": [9.25, 7.25, 9.75, 7.75], "rotation": 270, "texture": "#0"},
				"south": {"uv": [10.25, 7.25, 10.75, 7.75], "rotation": 270, "texture": "#0"},
				"west": {"uv": [11.25, 7.25, 11.75, 7.75], "rotation": 270, "texture": "#0"},
				"up": {"uv": [12.25, 7.25, 12.75, 7.75], "rotation": 270, "texture": "#0"},
				"down": {"uv": [13.25, 7.25, 13.75, 7.75], "rotation": 270, "texture": "#0"}
			}
		},
		{
			"from": [10.75888, 6.22058, 0.25],
			"to": [11.45888, 6.92058, 0.75],
			"rotation": {"angle": 45, "axis": "z", "origin": [9.3, 3.43683, 8]},
			"faces": {
				"north": {"uv": [14.25, 7.25, 14.75, 7.75], "rotation": 90, "texture": "#0"},
				"east": {"uv": [15.25, 7.25, 15.75, 7.75], "rotation": 270, "texture": "#0"},
				"south": {"uv": [0.25, 8.25, 0.75, 8.75], "rotation": 270, "texture": "#0"},
				"west": {"uv": [1.25, 8.25, 1.75, 8.75], "rotation": 270, "texture": "#0"},
				"up": {"uv": [2.25, 8.25, 2.75, 8.75], "rotation": 270, "texture": "#0"},
				"down": {"uv": [3.25, 8.25, 3.75, 8.75], "rotation": 270, "texture": "#0"}
			}
		},
		{
			"from": [7.93045, 3.39216, 0.25],
			"to": [8.63045, 4.09216, 0.75],
			"rotation": {"angle": 45, "axis": "z", "origin": [9.3, 3.43683, 8]},
			"faces": {
				"north": {"uv": [6.25, 9.25, 6.75, 9.75], "rotation": 90, "texture": "#0"},
				"east": {"uv": [7.25, 9.25, 7.75, 9.75], "rotation": 270, "texture": "#0"},
				"south": {"uv": [8.25, 9.25, 8.75, 9.75], "rotation": 270, "texture": "#0"},
				"west": {"uv": [9.25, 9.25, 9.75, 9.75], "rotation": 270, "texture": "#0"},
				"up": {"uv": [10.25, 9.25, 10.75, 9.75], "rotation": 270, "texture": "#0"},
				"down": {"uv": [11.25, 9.25, 11.75, 9.75], "rotation": 270, "texture": "#0"}
			}
		},
		{
			"from": [6.51624, 1.97794, 0.25],
			"to": [7.21624, 2.67794, 0.75],
			"rotation": {"angle": 45, "axis": "z", "origin": [9.3, 3.43683, 8]},
			"faces": {
				"north": {"uv": [2.25, 10.25, 2.75, 10.75], "rotation": 90, "texture": "#0"},
				"east": {"uv": [3.25, 10.25, 3.75, 10.75], "rotation": 270, "texture": "#0"},
				"south": {"uv": [4.25, 10.25, 4.75, 10.75], "rotation": 270, "texture": "#0"},
				"west": {"uv": [5.25, 10.25, 5.75, 10.75], "rotation": 270, "texture": "#0"},
				"up": {"uv": [6.25, 10.25, 6.75, 10.75], "rotation": 270, "texture": "#0"},
				"down": {"uv": [7.25, 10.25, 7.75, 10.75], "rotation": 270, "texture": "#0"}
			}
		},
		{
			"from": [7.63683, 7.68683, 13.1],
			"to": [8.93683, 8.18683, 14.1],
			"rotation": {"angle": 0, "axis": "y", "origin": [8.5, 4.43683, 8]},
			"faces": {
				"north": {"uv": [8.25, 4.25, 8.75, 4.75], "rotation": 90, "texture": "#1"},
				"east": {"uv": [9.25, 4.25, 9.75, 4.75], "rotation": 270, "texture": "#1"},
				"south": {"uv": [10.25, 4.25, 10.75, 4.75], "rotation": 270, "texture": "#1"},
				"west": {"uv": [11.25, 4.25, 11.75, 4.75], "rotation": 270, "texture": "#1"},
				"up": {"uv": [12.25, 4.25, 12.75, 4.75], "rotation": 270, "texture": "#1"},
				"down": {"uv": [13.25, 4.25, 13.75, 4.75], "rotation": 270, "texture": "#1"}
			}
		},
		{
			"from": [7, 7.68683, 13.8],
			"to": [7.7, 8.18683, 14.5],
			"rotation": {"angle": 45, "axis": "y", "origin": [6.85092, 7.93683, 13.56868]},
			"faces": {
				"north": {"uv": [14.25, 4.25, 14.75, 4.75], "rotation": 90, "texture": "#1"},
				"east": {"uv": [15.25, 4.25, 15.75, 4.75], "rotation": 270, "texture": "#1"},
				"south": {"uv": [0.25, 5.25, 0.75, 5.75], "rotation": 270, "texture": "#1"},
				"west": {"uv": [1.25, 5.25, 1.75, 5.75], "rotation": 270, "texture": "#1"},
				"up": {"uv": [2.25, 5.25, 2.75, 5.75], "rotation": 270, "texture": "#1"},
				"down": {"uv": [3.25, 5.25, 3.75, 5.75], "rotation": 270, "texture": "#1"}
			}
		},
		{
			"from": [7.63683, 7.68683, 11.1],
			"to": [8.93683, 8.18683, 12.1],
			"rotation": {"angle": 0, "axis": "y", "origin": [8.5, 4.43683, 8]},
			"faces": {
				"north": {"uv": [12.25, 3.25, 12.75, 3.75], "rotation": 90, "texture": "#1"},
				"east": {"uv": [13.25, 3.25, 13.75, 3.75], "rotation": 270, "texture": "#1"},
				"south": {"uv": [14.25, 3.25, 14.75, 3.75], "rotation": 270, "texture": "#1"},
				"west": {"uv": [15.25, 3.25, 15.75, 3.75], "rotation": 270, "texture": "#1"},
				"up": {"uv": [0.25, 4.25, 0.75, 4.75], "rotation": 270, "texture": "#1"},
				"down": {"uv": [1.25, 4.25, 1.75, 4.75], "rotation": 270, "texture": "#1"}
			}
		},
		{
			"from": [7.63683, 7.68683, 9.1],
			"to": [8.93683, 8.18683, 10.1],
			"rotation": {"angle": 0, "axis": "y", "origin": [8.5, 4.43683, 8]},
			"faces": {
				"north": {"uv": [0.25, 3.25, 0.75, 3.75], "rotation": 90, "texture": "#1"},
				"east": {"uv": [1.25, 3.25, 1.75, 3.75], "rotation": 270, "texture": "#1"},
				"south": {"uv": [2.25, 3.25, 2.75, 3.75], "rotation": 270, "texture": "#1"},
				"west": {"uv": [3.25, 3.25, 3.75, 3.75], "rotation": 270, "texture": "#1"},
				"up": {"uv": [4.25, 3.25, 4.75, 3.75], "rotation": 270, "texture": "#1"},
				"down": {"uv": [5.25, 3.25, 5.75, 3.75], "rotation": 270, "texture": "#1"}
			}
		},
		{
			"from": [7.63683, 7.68683, 7.1],
			"to": [8.93683, 8.18683, 8.1],
			"rotation": {"angle": 0, "axis": "y", "origin": [8.5, 4.43683, 8]},
			"faces": {
				"north": {"uv": [10.25, 2.25, 10.75, 2.75], "rotation": 90, "texture": "#1"},
				"east": {"uv": [11.25, 2.25, 11.75, 2.75], "rotation": 270, "texture": "#1"},
				"south": {"uv": [12.25, 2.25, 12.75, 2.75], "rotation": 270, "texture": "#1"},
				"west": {"uv": [13.25, 2.25, 13.75, 2.75], "rotation": 270, "texture": "#1"},
				"up": {"uv": [14.25, 2.25, 14.75, 2.75], "rotation": 270, "texture": "#1"},
				"down": {"uv": [15.25, 2.25, 15.75, 2.75], "rotation": 270, "texture": "#1"}
			}
		},
		{
			"from": [7.63683, 7.68683, 5.1],
			"to": [8.93683, 8.18683, 6.1],
			"rotation": {"angle": 0, "axis": "y", "origin": [8.5, 4.43683, 8]},
			"faces": {
				"north": {"uv": [8.25, 1.25, 8.75, 1.75], "rotation": 90, "texture": "#1"},
				"east": {"uv": [9.25, 1.25, 9.75, 1.75], "rotation": 270, "texture": "#1"},
				"south": {"uv": [10.25, 1.25, 10.75, 1.75], "rotation": 270, "texture": "#1"},
				"west": {"uv": [11.25, 1.25, 11.75, 1.75], "rotation": 270, "texture": "#1"},
				"up": {"uv": [12.25, 1.25, 12.75, 1.75], "rotation": 270, "texture": "#1"},
				"down": {"uv": [13.25, 1.25, 13.75, 1.75], "rotation": 270, "texture": "#1"}
			}
		},
		{
			"from": [7.63683, 7.68683, 3.1],
			"to": [8.93683, 8.18683, 4.1],
			"rotation": {"angle": 0, "axis": "y", "origin": [8.5, 4.43683, 8]},
			"faces": {
				"north": {"uv": [12.25, 0.25, 12.75, 0.75], "rotation": 90, "texture": "#1"},
				"east": {"uv": [13.25, 0.25, 13.75, 0.75], "rotation": 270, "texture": "#1"},
				"south": {"uv": [14.25, 0.25, 14.75, 0.75], "rotation": 270, "texture": "#1"},
				"west": {"uv": [15.25, 0.25, 15.75, 0.75], "rotation": 270, "texture": "#1"},
				"up": {"uv": [0.25, 1.25, 0.75, 1.75], "rotation": 270, "texture": "#1"},
				"down": {"uv": [1.25, 1.25, 1.75, 1.75], "rotation": 270, "texture": "#1"}
			}
		},
		{
			"from": [7.63683, 7.68683, 1.1],
			"to": [8.93683, 8.18683, 2.1],
			"rotation": {"angle": 0, "axis": "y", "origin": [8.5, 4.43683, 8]},
			"faces": {
				"north": {"uv": [0.25, 0.25, 0.75, 0.75], "rotation": 90, "texture": "#1"},
				"east": {"uv": [1.25, 0.25, 1.75, 0.75], "rotation": 270, "texture": "#1"},
				"south": {"uv": [2.25, 0.25, 2.75, 0.75], "rotation": 270, "texture": "#1"},
				"west": {"uv": [3.25, 0.25, 3.75, 0.75], "rotation": 270, "texture": "#1"},
				"up": {"uv": [4.25, 0.25, 4.75, 0.75], "rotation": 270, "texture": "#1"},
				"down": {"uv": [5.25, 0.25, 5.75, 0.75], "rotation": 270, "texture": "#1"}
			}
		},
		{
			"from": [7.13045, 4.39216, 15.25],
			"to": [7.83045, 5.09216, 15.75],
			"rotation": {"angle": 45, "axis": "z", "origin": [8.5, 4.43683, 8]},
			"faces": {
				"north": {"uv": [4.25, 8.25, 4.75, 8.75], "rotation": 90, "texture": "#1"},
				"east": {"uv": [5.25, 8.25, 5.75, 8.75], "rotation": 270, "texture": "#1"},
				"south": {"uv": [6.25, 8.25, 6.75, 8.75], "rotation": 270, "texture": "#1"},
				"west": {"uv": [7.25, 8.25, 7.75, 8.75], "rotation": 270, "texture": "#1"},
				"up": {"uv": [8.25, 8.25, 8.75, 8.75], "rotation": 270, "texture": "#1"},
				"down": {"uv": [9.25, 8.25, 9.75, 8.75], "rotation": 270, "texture": "#1"}
			}
		},
		{
			"from": [5.73045, 2.99216, 15.25],
			"to": [6.43045, 3.69216, 15.75],
			"rotation": {"angle": 45, "axis": "z", "origin": [8.5, 4.43683, 8]},
			"faces": {
				"north": {"uv": [0.25, 9.25, 0.75, 9.75], "rotation": 90, "texture": "#1"},
				"east": {"uv": [1.25, 9.25, 1.75, 9.75], "rotation": 270, "texture": "#1"},
				"south": {"uv": [2.25, 9.25, 2.75, 9.75], "rotation": 270, "texture": "#1"},
				"west": {"uv": [3.25, 9.25, 3.75, 9.75], "rotation": 270, "texture": "#1"},
				"up": {"uv": [4.25, 9.25, 4.75, 9.75], "rotation": 270, "texture": "#1"},
				"down": {"uv": [5.25, 9.25, 5.75, 9.75], "rotation": 270, "texture": "#1"}
			}
		},
		{
			"from": [9.95888, 7.22058, 15.25],
			"to": [10.65888, 7.92058, 15.75],
			"rotation": {"angle": 45, "axis": "z", "origin": [8.5, 4.43683, 8]},
			"faces": {
				"north": {"uv": [10.25, 5.25, 10.75, 5.75], "rotation": 90, "texture": "#1"},
				"east": {"uv": [11.25, 5.25, 11.75, 5.75], "rotation": 270, "texture": "#1"},
				"south": {"uv": [12.25, 5.25, 12.75, 5.75], "rotation": 270, "texture": "#1"},
				"west": {"uv": [13.25, 5.25, 13.75, 5.75], "rotation": 270, "texture": "#1"},
				"up": {"uv": [14.25, 5.25, 14.75, 5.75], "rotation": 270, "texture": "#1"},
				"down": {"uv": [15.25, 5.25, 15.75, 5.75], "rotation": 270, "texture": "#1"}
			}
		},
		{
			"from": [8.54466, 5.80637, 0.25],
			"to": [9.24466, 6.50637, 0.75],
			"rotation": {"angle": 45, "axis": "z", "origin": [8.5, 4.43683, 8]},
			"faces": {
				"north": {"uv": [8.25, 10.25, 8.75, 10.75], "rotation": 90, "texture": "#1"},
				"east": {"uv": [9.25, 10.25, 9.75, 10.75], "rotation": 270, "texture": "#1"},
				"south": {"uv": [10.25, 10.25, 10.75, 10.75], "rotation": 270, "texture": "#1"},
				"west": {"uv": [11.25, 10.25, 11.75, 10.75], "rotation": 270, "texture": "#1"},
				"up": {"uv": [12.25, 10.25, 12.75, 10.75], "rotation": 270, "texture": "#1"},
				"down": {"uv": [13.25, 10.25, 13.75, 10.75], "rotation": 270, "texture": "#1"}
			}
		},
		{
			"from": [9.95888, 7.22058, 0.25],
			"to": [10.65888, 7.92058, 0.75],
			"rotation": {"angle": 45, "axis": "z", "origin": [8.5, 4.43683, 8]},
			"faces": {
				"north": {"uv": [6.25, 6.25, 6.75, 6.75], "rotation": 90, "texture": "#1"},
				"east": {"uv": [7.25, 6.25, 7.75, 6.75], "rotation": 270, "texture": "#1"},
				"south": {"uv": [8.25, 6.25, 8.75, 6.75], "rotation": 270, "texture": "#1"},
				"west": {"uv": [9.25, 6.25, 9.75, 6.75], "rotation": 270, "texture": "#1"},
				"up": {"uv": [10.25, 6.25, 10.75, 6.75], "rotation": 270, "texture": "#1"},
				"down": {"uv": [11.25, 6.25, 11.75, 6.75], "rotation": 270, "texture": "#1"}
			}
		},
		{
			"from": [7.13045, 4.39216, 0.25],
			"to": [7.83045, 5.09216, 0.75],
			"rotation": {"angle": 45, "axis": "z", "origin": [8.5, 4.43683, 8]},
			"faces": {
				"north": {"uv": [14.25, 10.25, 14.75, 10.75], "rotation": 90, "texture": "#1"},
				"east": {"uv": [15.25, 10.25, 15.75, 10.75], "rotation": 270, "texture": "#1"},
				"south": {"uv": [0.25, 11.25, 0.75, 11.75], "rotation": 270, "texture": "#1"},
				"west": {"uv": [1.25, 11.25, 1.75, 11.75], "rotation": 270, "texture": "#1"},
				"up": {"uv": [2.25, 11.25, 2.75, 11.75], "rotation": 270, "texture": "#1"},
				"down": {"uv": [3.25, 11.25, 3.75, 11.75], "rotation": 270, "texture": "#1"}
			}
		},
		{
			"from": [5.71624, 2.97794, 0.25],
			"to": [6.41624, 3.67794, 0.75],
			"rotation": {"angle": 45, "axis": "z", "origin": [8.5, 4.43683, 8]},
			"faces": {
				"north": {"uv": [0.25, 12.25, 0.75, 12.75], "rotation": 90, "texture": "#1"},
				"east": {"uv": [1.25, 12.25, 1.75, 12.75], "rotation": 270, "texture": "#1"},
				"south": {"uv": [2.25, 12.25, 2.75, 12.75], "rotation": 270, "texture": "#1"},
				"west": {"uv": [3.25, 12.25, 3.75, 12.75], "rotation": 270, "texture": "#1"},
				"up": {"uv": [4.25, 12.25, 4.75, 12.75], "rotation": 270, "texture": "#1"},
				"down": {"uv": [5.25, 12.25, 5.75, 12.75], "rotation": 270, "texture": "#1"}
			}
		},
		{
			"from": [8.45, 7.68683, 12.4],
			"to": [9.15, 8.18683, 13.1],
			"rotation": {"angle": 45, "axis": "y", "origin": [6.85092, 7.93683, 13.56868]},
			"faces": {
				"north": {"uv": [2.25, 4.25, 2.75, 4.75], "rotation": 90, "texture": "#1"},
				"east": {"uv": [3.25, 4.25, 3.75, 4.75], "rotation": 270, "texture": "#1"},
				"south": {"uv": [4.25, 4.25, 4.75, 4.75], "rotation": 270, "texture": "#1"},
				"west": {"uv": [5.25, 4.25, 5.75, 4.75], "rotation": 270, "texture": "#1"},
				"up": {"uv": [6.25, 4.25, 6.75, 4.75], "rotation": 270, "texture": "#1"},
				"down": {"uv": [7.25, 4.25, 7.75, 4.75], "rotation": 270, "texture": "#1"}
			}
		},
		{
			"from": [9.85, 7.68683, 10.95],
			"to": [10.55, 8.18683, 11.65],
			"rotation": {"angle": 45, "axis": "y", "origin": [6.85092, 7.93683, 13.56868]},
			"faces": {
				"north": {"uv": [6.25, 3.25, 6.75, 3.75], "rotation": 90, "texture": "#1"},
				"east": {"uv": [7.25, 3.25, 7.75, 3.75], "rotation": 270, "texture": "#1"},
				"south": {"uv": [8.25, 3.25, 8.75, 3.75], "rotation": 270, "texture": "#1"},
				"west": {"uv": [9.25, 3.25, 9.75, 3.75], "rotation": 270, "texture": "#1"},
				"up": {"uv": [10.25, 3.25, 10.75, 3.75], "rotation": 270, "texture": "#1"},
				"down": {"uv": [11.25, 3.25, 11.75, 3.75], "rotation": 270, "texture": "#1"}
			}
		},
		{
			"from": [11.25, 7.68683, 9.55],
			"to": [11.95, 8.18683, 10.25],
			"rotation": {"angle": 45, "axis": "y", "origin": [6.85092, 7.93683, 13.56868]},
			"faces": {
				"north": {"uv": [4.25, 2.25, 4.75, 2.75], "rotation": 90, "texture": "#1"},
				"east": {"uv": [5.25, 2.25, 5.75, 2.75], "rotation": 270, "texture": "#1"},
				"south": {"uv": [6.25, 2.25, 6.75, 2.75], "rotation": 270, "texture": "#1"},
				"west": {"uv": [7.25, 2.25, 7.75, 2.75], "rotation": 270, "texture": "#1"},
				"up": {"uv": [8.25, 2.25, 8.75, 2.75], "rotation": 270, "texture": "#1"},
				"down": {"uv": [9.25, 2.25, 9.75, 2.75], "rotation": 270, "texture": "#1"}
			}
		},
		{
			"from": [12.7, 7.68683, 8.15],
			"to": [13.4, 8.18683, 8.85],
			"rotation": {"angle": 45, "axis": "y", "origin": [6.85092, 7.93683, 13.56868]},
			"faces": {
				"north": {"uv": [14.25, 1.25, 14.75, 1.75], "rotation": 90, "texture": "#1"},
				"east": {"uv": [15.25, 1.25, 15.75, 1.75], "rotation": 270, "texture": "#1"},
				"south": {"uv": [0.25, 2.25, 0.75, 2.75], "rotation": 270, "texture": "#1"},
				"west": {"uv": [1.25, 2.25, 1.75, 2.75], "rotation": 270, "texture": "#1"},
				"up": {"uv": [2.25, 2.25, 2.75, 2.75], "rotation": 270, "texture": "#1"},
				"down": {"uv": [3.25, 2.25, 3.75, 2.75], "rotation": 270, "texture": "#1"}
			}
		},
		{
			"from": [14.1, 7.68683, 6.7],
			"to": [14.8, 8.18683, 7.4],
			"rotation": {"angle": 45, "axis": "y", "origin": [6.85092, 7.93683, 13.56868]},
			"faces": {
				"north": {"uv": [2.25, 1.25, 2.75, 1.75], "rotation": 90, "texture": "#1"},
				"east": {"uv": [3.25, 1.25, 3.75, 1.75], "rotation": 270, "texture": "#1"},
				"south": {"uv": [4.25, 1.25, 4.75, 1.75], "rotation": 270, "texture": "#1"},
				"west": {"uv": [5.25, 1.25, 5.75, 1.75], "rotation": 270, "texture": "#1"},
				"up": {"uv": [6.25, 1.25, 6.75, 1.75], "rotation": 270, "texture": "#1"},
				"down": {"uv": [7.25, 1.25, 7.75, 1.75], "rotation": 270, "texture": "#1"}
			}
		},
		{
			"from": [15.5, 7.68683, 5.3],
			"to": [16.2, 8.18683, 6],
			"rotation": {"angle": 45, "axis": "y", "origin": [6.85092, 7.93683, 13.56868]},
			"faces": {
				"north": {"uv": [6.25, 0.25, 6.75, 0.75], "rotation": 90, "texture": "#1"},
				"east": {"uv": [7.25, 0.25, 7.75, 0.75], "rotation": 270, "texture": "#1"},
				"south": {"uv": [8.25, 0.25, 8.75, 0.75], "rotation": 270, "texture": "#1"},
				"west": {"uv": [9.25, 0.25, 9.75, 0.75], "rotation": 270, "texture": "#1"},
				"up": {"uv": [10.25, 0.25, 10.75, 0.75], "rotation": 270, "texture": "#1"},
				"down": {"uv": [11.25, 0.25, 11.75, 0.75], "rotation": 270, "texture": "#1"}
			}
		}
	],
	"display": {
		"thirdperson_righthand": {
			"rotation": [-24, 0, 0],
			"translation": [0, 7.5, -2.25],
			"scale": [0.5, 1, 0.5]
		},
		"thirdperson_lefthand": {
			"rotation": [-24, 0, 0],
			"translation": [0, 7.5, -2.25],
			"scale": [0.5, 1, 0.5]
		},
		"firstperson_righthand": {
			"rotation": [-50, 0, 0],
			"translation": [-3.25, 8.25, 0.5],
			"scale": [0.5, 1, 0.5]
		},
		"firstperson_lefthand": {
			"rotation": [-50, 0, 0],
			"translation": [-3.25, 8.25, 0.5],
			"scale": [0.5, 1, 0.5]
		},
		"ground": {
			"translation": [0, 5, 0]
		},
		"gui": {
			"rotation": [43, 0, 0],
			"translation": [0.5, 4.75, 0]
		},
		"head": {
			"translation": [0, 15, 0]
		},
		"fixed": {
			"rotation": [-90, 0, 0],
			"translation": [0, -0.25, -7.25]
		}
	},
	"groups": [
		0,
		1,
		2,
		3,
		4,
		5,
		6,
		7,
		8,
		9,
		10,
		11,
		{
			"name": "group",
			"origin": [0, -7, 0],
			"color": 0,
			"children": [
				12,
				13,
				14,
				15,
				16,
				17,
				18,
				19,
				20,
				21,
				22,
				23,
				24,
				25,
				26,
				27,
				28,
				29,
				30,
				31,
				32,
				33,
				34,
				35,
				36,
				37,
				38,
				39,
				40,
				41,
				42,
				43,
				44,
				45,
				46,
				47,
				48,
				49,
				50,
				51,
				52,
				53,
				54,
				55,
				56,
				57,
				58,
				59,
				60,
				61,
				62,
				63,
				64,
				65,
				66,
				67,
				68,
				69,
				70,
				71,
				72
			]
		}
	]
}