{
 "parent": "item/handheld",
 "textures": {
  "layer0": "item/crossbow"
 },

 "overrides": [
  { "predicate": {"custom_model_data": 1}, "model": "item/pistol"},
  { "predicate": {"custom_model_data": 2}, "model": "item/shotgun"},
  { "predicate": {"custom_model_data": 3}, "model": "item/rifle"},
  { "predicate": {"custom_model_data": 4}, "model": "item/rocket_launcher"},
  { "predicate": {"custom_model_data": 5}, "model": "item/minigun"},
  { "predicate": {"custom_model_data": 6}, "model": "item/laser_gun"},
  { "predicate": {"custom_model_data": 7}, "model": "item/growth_cannon"}
  { "predicate": {"custom_model_data": 8}, "model": "item/smg"}
  
 ]

 
}
