{
	"credit": "Made with Blockbench",
	"texture_size": [8, 8],
	"textures": {
		"0": "block/dagger",
		"particle": "block/dagger"
	},
	"elements": [
		{
			"from": [7.75, 0, 7.75],
			"to": [8.25, 1.5, 8.25],
			"rotation": {"angle": 0, "axis": "y", "origin": [8, 0, 7]},
			"faces": {
				"north": {"uv": [4, 10, 5, 13], "texture": "#0"},
				"east": {"uv": [10, 4, 11, 7], "texture": "#0"},
				"south": {"uv": [6, 10, 7, 13], "texture": "#0"},
				"west": {"uv": [8, 10, 9, 13], "texture": "#0"},
				"up": {"uv": [9, 5, 8, 4], "texture": "#0"},
				"down": {"uv": [1, 12, 0, 13], "texture": "#0"}
			}
		},
		{
			"from": [6.75, 1.5, 7.75],
			"to": [9.25, 2, 8.25],
			"rotation": {"angle": 0, "axis": "y", "origin": [8, 1, 7]},
			"faces": {
				"north": {"uv": [4, 6, 9, 7], "texture": "#0"},
				"east": {"uv": [2, 12, 3, 13], "texture": "#0"},
				"south": {"uv": [8, 0, 13, 1], "texture": "#0"},
				"west": {"uv": [12, 4, 13, 5], "texture": "#0"},
				"up": {"uv": [13, 3, 8, 2], "texture": "#0"},
				"down": {"uv": [9, 8, 4, 9], "texture": "#0"}
			}
		},
		{
			"from": [7.25, 2, 7.875],
			"to": [8.75, 5, 8.125],
			"rotation": {"angle": 0, "axis": "y", "origin": [8, 1, 7]},
			"faces": {
				"north": {"uv": [0, 0, 3, 6], "texture": "#0"},
				"east": {"uv": [0, 6, 1, 12], "texture": "#0"},
				"south": {"uv": [4, 0, 7, 6], "texture": "#0"},
				"west": {"uv": [2, 6, 3, 12], "texture": "#0"},
				"up": {"uv": [13, 9, 10, 8], "texture": "#0"},
				"down": {"uv": [13, 10, 10, 11], "texture": "#0"}
			}
		},
		{
			"from": [7.75, 5, 7.875],
			"to": [8.25, 5.5, 8.125],
			"rotation": {"angle": 0, "axis": "y", "origin": [8, 1, 7]},
			"faces": {
				"north": {"uv": [12, 6, 13, 7], "texture": "#0"},
				"east": {"uv": [10, 12, 11, 13], "texture": "#0"},
				"south": {"uv": [12, 12, 13, 13], "texture": "#0"},
				"west": {"uv": [0, 14, 1, 15], "texture": "#0"},
				"up": {"uv": [15, 1, 14, 0], "texture": "#0"},
				"down": {"uv": [3, 14, 2, 15], "texture": "#0"}
			}
		}
	],
	"display": {
		"thirdperson_righthand": {
			"rotation": [0, 90, 0],
			"translation": [-0.5, 6.75, 0]
		},
		"thirdperson_lefthand": {
			"rotation": [0, 90, 0],
			"translation": [-0.5, 6.75, 0]
		},
		"firstperson_righthand": {
			"rotation": [0, 90, -17],
			"translation": [0, 10.25, -1.5],
			"scale": [1.5, 1.5, 1.5]
		},
		"firstperson_lefthand": {
			"rotation": [0, 90, -17],
			"translation": [0, 10.25, -1.5],
			"scale": [1.5, 1.5, 1.5]
		},
		"ground": {
			"rotation": [0, 0, -180],
			"translation": [0, -6.75, 2]
		},
		"gui": {
			"rotation": [0, -54, -34],
			"translation": [3.5, 8.75, 0],
			"scale": [2, 2, 2]
		},
		"head": {
			"rotation": [0, -90, 0],
			"translation": [0, 12.25, 0]
		},
		"fixed": {
			"rotation": [0, 0, 45],
			"translation": [-7, 7, 0],
			"scale": [2, 2, 2]
		}
	}
}