{
	"format_version": "1.21.6",
	"credit": "Made with Blockbench",
	"texture_size": [32, 32],
	"textures": {
		"0": "block/fire_extinguisher",
		"particle": "block/fire_extinguisher"
	},
	"elements": [
		{
			"from": [6, 0, 6],
			"to": [10, 10, 10],
			"rotation": {"angle": 0, "axis": "y", "origin": [8, 6, 8]},
			"faces": {
				"north": {"uv": [0, 0, 2, 5], "texture": "#0"},
				"east": {"uv": [2, 0, 4, 5], "texture": "#0"},
				"south": {"uv": [4, 0, 6, 5], "texture": "#0"},
				"west": {"uv": [0, 5, 2, 10], "texture": "#0"},
				"up": {"uv": [4, 7, 2, 5], "texture": "#0"},
				"down": {"uv": [6, 5, 4, 7], "texture": "#0"}
			}
		},
		{
			"from": [7.5, 10, 7.5],
			"to": [8.5, 12, 8.5],
			"rotation": {"angle": 0, "axis": "y", "origin": [8, 6, 8]},
			"faces": {
				"north": {"uv": [2, 7, 2.5, 8], "texture": "#0"},
				"east": {"uv": [7, 2, 7.5, 3], "texture": "#0"},
				"south": {"uv": [2.5, 7, 3, 8], "texture": "#0"},
				"west": {"uv": [3, 7, 3.5, 8], "texture": "#0"},
				"up": {"uv": [6, 7.5, 5.5, 7], "texture": "#0"},
				"down": {"uv": [7.5, 6.5, 7, 7], "texture": "#0"}
			}
		},
		{
			"from": [8.5, 11, 7.75],
			"to": [11.5, 11.5, 8.25],
			"rotation": {"angle": 0, "axis": "y", "origin": [8, 6, 8]},
			"faces": {
				"north": {"uv": [7, 4.5, 8.5, 4.75], "texture": "#0"},
				"east": {"uv": [7.5, 6.5, 7.75, 6.75], "texture": "#0"},
				"south": {"uv": [7, 5, 8.5, 5.25], "texture": "#0"},
				"west": {"uv": [7, 7.5, 7.25, 7.75], "texture": "#0"},
				"up": {"uv": [8.5, 5.75, 7, 5.5], "texture": "#0"},
				"down": {"uv": [8.5, 6, 7, 6.25], "texture": "#0"}
			}
		},
		{
			"from": [11, 2.5, 7.75],
			"to": [11.5, 11, 8.25],
			"rotation": {"angle": 0, "axis": "y", "origin": [8, 6, 8]},
			"faces": {
				"north": {"uv": [6, 0, 6.25, 4.25], "texture": "#0"},
				"east": {"uv": [6, 4.5, 6.25, 8.75], "texture": "#0"},
				"south": {"uv": [6.5, 0, 6.75, 4.25], "texture": "#0"},
				"west": {"uv": [6.5, 4.5, 6.75, 8.75], "texture": "#0"},
				"up": {"uv": [7.75, 7.25, 7.5, 7], "texture": "#0"},
				"down": {"uv": [7.75, 7.5, 7.5, 7.75], "texture": "#0"}
			}
		},
		{
			"from": [10, 2.5, 7.75],
			"to": [11, 3, 8.25],
			"rotation": {"angle": 0, "axis": "y", "origin": [8, 6, 8]},
			"faces": {
				"north": {"uv": [4, 7.5, 4.5, 7.75], "texture": "#0"},
				"east": {"uv": [2, 8, 2.25, 8.25], "texture": "#0"},
				"south": {"uv": [4.5, 7.5, 5, 7.75], "texture": "#0"},
				"west": {"uv": [8, 2, 8.25, 2.25], "texture": "#0"},
				"up": {"uv": [5.5, 7.75, 5, 7.5], "texture": "#0"},
				"down": {"uv": [6, 7.5, 5.5, 7.75], "texture": "#0"}
			}
		},
		{
			"from": [4.5, 12, 7.5],
			"to": [8.5, 12.5, 8.5],
			"rotation": {"angle": 0, "axis": "y", "origin": [8, 6, 8]},
			"faces": {
				"north": {"uv": [7, 3, 9, 3.25], "texture": "#0"},
				"east": {"uv": [7, 7, 7.5, 7.25], "texture": "#0"},
				"south": {"uv": [3.5, 7, 5.5, 7.25], "texture": "#0"},
				"west": {"uv": [7.5, 2, 8, 2.25], "texture": "#0"},
				"up": {"uv": [9, 0.5, 7, 0], "texture": "#0"},
				"down": {"uv": [9, 0.5, 7, 1], "texture": "#0"}
			}
		},
		{
			"from": [4, 13, 7.5],
			"to": [8, 13.5, 8.5],
			"rotation": {"angle": -20, "axis": "z", "origin": [6, 12, 8]},
			"faces": {
				"north": {"uv": [7, 3.5, 9, 3.75], "texture": "#0"},
				"east": {"uv": [7.5, 2.5, 8, 2.75], "texture": "#0"},
				"south": {"uv": [7, 4, 9, 4.25], "texture": "#0"},
				"west": {"uv": [3.5, 7.5, 4, 7.75], "texture": "#0"},
				"up": {"uv": [9, 1.5, 7, 1], "texture": "#0"},
				"down": {"uv": [9, 1.5, 7, 2], "texture": "#0"}
			}
		}
	],
	"display": {
		"thirdperson_righthand": {
			"rotation": [0, 90, 0],
			"translation": [-0.5, 0, 0.75]
		},
		"thirdperson_lefthand": {
			"rotation": [0, -90, 0],
			"translation": [-0.5, 0, 0.75]
		},
		"firstperson_righthand": {
			"rotation": [11, 87, 0],
			"translation": [0, 4.25, 0]
		},
		"firstperson_lefthand": {
			"rotation": [11, -93, 0],
			"translation": [0, 4.25, 0]
		},
		"ground": {
			"rotation": [0, 0, -90],
			"translation": [0.5, 0, 0]
		},
		"gui": {
			"rotation": [13, 117, 0],
			"translation": [0, 1.75, 0]
		},
		"head": {
			"rotation": [0, 90, 0],
			"translation": [0, 4.25, 0],
			"scale": [1.5, 1.5, 1.5]
		},
		"fixed": {
			"rotation": [0, 0, 21],
			"translation": [0, 2, 0]
		}
	}
}
