{
	"format_version": "1.9.0",
	"credit": "Made with Blockbench",
	"texture_size": [32, 32],
	"textures": {
		"0": "block/flamethrower"
	},
	"elements": [
		{
			"from": [0, 0, 7.25],
			"to": [1.5, 4, 8.75],
			"rotation": {"angle": 0, "axis": "z", "origin": [0, 0, 7]},
			"faces": {
				"north": {"uv": [5.5, 5, 6.25, 7], "texture": "#0"},
				"east": {"uv": [0, 6.5, 0.75, 8.5], "texture": "#0"},
				"south": {"uv": [6.5, 0, 7.25, 2], "texture": "#0"},
				"west": {"uv": [6.5, 5, 7.25, 7], "texture": "#0"},
				"up": {"uv": [8.25, 5.75, 7.5, 5], "texture": "#0"},
				"down": {"uv": [8.25, 6, 7.5, 6.75], "texture": "#0"}
			}
		},
		{
			"from": [1.5, 1, 7.5],
			"to": [2.5, 4, 8.5],
			"rotation": {"angle": 0, "axis": "z", "origin": [0, 0, 7]},
			"faces": {
				"north": {"uv": [6, 7, 6.5, 8.5], "texture": "#0"},
				"east": {"uv": [6.5, 7, 7, 8.5], "texture": "#0"},
				"south": {"uv": [7, 7, 7.5, 8.5], "texture": "#0"},
				"west": {"uv": [7.5, 0, 8, 1.5], "texture": "#0"},
				"up": {"uv": [5.5, 3, 5, 2.5], "texture": "#0"},
				"down": {"uv": [6, 2.5, 5.5, 3], "texture": "#0"}
			}
		},
		{
			"from": [0, 3, 7],
			"to": [7, 5, 9],
			"rotation": {"angle": 0, "axis": "z", "origin": [0, 0, 7]},
			"faces": {
				"north": {"uv": [0, 3, 3.5, 4], "texture": "#0"},
				"east": {"uv": [5, 1.5, 6, 2.5], "texture": "#0"},
				"south": {"uv": [3.5, 3, 7, 4], "texture": "#0"},
				"west": {"uv": [6, 2, 7, 3], "texture": "#0"},
				"up": {"uv": [3.5, 5, 0, 4], "texture": "#0"},
				"down": {"uv": [7, 4, 3.5, 5], "texture": "#0"}
			}
		},
		{
			"from": [7, 2.5, 6.5],
			"to": [12, 5.5, 9.5],
			"rotation": {"angle": 0, "axis": "y", "origin": [0, 0, 7]},
			"faces": {
				"north": {"uv": [0, 0, 2.5, 1.5], "texture": "#0"},
				"east": {"uv": [0, 5, 1.5, 6.5], "texture": "#0"},
				"south": {"uv": [0, 1.5, 2.5, 3], "texture": "#0"},
				"west": {"uv": [5, 0, 6.5, 1.5], "texture": "#0"},
				"up": {"uv": [5, 1.5, 2.5, 0], "texture": "#0"},
				"down": {"uv": [5, 1.5, 2.5, 3], "texture": "#0"}
			}
		},
		{
			"from": [14, 2.75, 7],
			"to": [16, 4.75, 9],
			"rotation": {"angle": 0, "axis": "y", "origin": [7, 0, 7]},
			"faces": {
				"north": {"uv": [7, 2, 8, 3], "texture": "#0"},
				"east": {"uv": [3, 7, 4, 8], "texture": "#0"},
				"south": {"uv": [7, 3, 8, 4], "texture": "#0"},
				"west": {"uv": [4, 7, 5, 8], "texture": "#0"},
				"up": {"uv": [8, 5, 7, 4], "texture": "#0"},
				"down": {"uv": [6, 7, 5, 8], "texture": "#0"}
			}
		},
		{
			"from": [16, 3.25, 7.75],
			"to": [18, 3.75, 8.25],
			"rotation": {"angle": 0, "axis": "z", "origin": [7, 1, 8]},
			"faces": {
				"north": {"uv": [8, 2, 9, 2.25], "texture": "#0"},
				"east": {"uv": [5.5, 8, 5.75, 8.25], "texture": "#0"},
				"south": {"uv": [8, 2.5, 9, 2.75], "texture": "#0"},
				"west": {"uv": [7.5, 8, 7.75, 8.25], "texture": "#0"},
				"up": {"uv": [4, 8.25, 3, 8], "texture": "#0"},
				"down": {"uv": [9, 3, 8, 3.25], "texture": "#0"}
			}
		},
		{
			"from": [16, 4, 7.75],
			"to": [17, 4.5, 8.25],
			"rotation": {"angle": 0, "axis": "z", "origin": [7, 2, 8]},
			"faces": {
				"north": {"uv": [6, 1.5, 6.5, 1.75], "texture": "#0"},
				"east": {"uv": [8, 8, 8.25, 8.25], "texture": "#0"},
				"south": {"uv": [1, 6.5, 1.5, 6.75], "texture": "#0"},
				"west": {"uv": [0, 8.5, 0.25, 8.75], "texture": "#0"},
				"up": {"uv": [8.5, 3.75, 8, 3.5], "texture": "#0"},
				"down": {"uv": [4.5, 8, 4, 8.25], "texture": "#0"}
			}
		},
		{
			"from": [12, 3, 7.75],
			"to": [14, 3.5, 8.25],
			"rotation": {"angle": 0, "axis": "y", "origin": [0, 0, 7]},
			"faces": {
				"north": {"uv": [7.5, 1.5, 8.5, 1.75], "texture": "#0"},
				"east": {"uv": [8, 4, 8.25, 4.25], "texture": "#0"},
				"south": {"uv": [7.5, 7, 8.5, 7.25], "texture": "#0"},
				"west": {"uv": [4.5, 8, 4.75, 8.25], "texture": "#0"},
				"up": {"uv": [8.5, 7.75, 7.5, 7.5], "texture": "#0"},
				"down": {"uv": [9, 0, 8, 0.25], "texture": "#0"}
			}
		},
		{
			"from": [12, 4, 7.75],
			"to": [14, 4.5, 8.25],
			"rotation": {"angle": 0, "axis": "y", "origin": [0, 1, 7]},
			"faces": {
				"north": {"uv": [8, 0.5, 9, 0.75], "texture": "#0"},
				"east": {"uv": [8, 4.5, 8.25, 4.75], "texture": "#0"},
				"south": {"uv": [1, 8, 2, 8.25], "texture": "#0"},
				"west": {"uv": [5, 8, 5.25, 8.25], "texture": "#0"},
				"up": {"uv": [9, 1.25, 8, 1], "texture": "#0"},
				"down": {"uv": [3, 8, 2, 8.25], "texture": "#0"}
			}
		},
		{
			"from": [8.5, -1.5, 7],
			"to": [10.5, 2.5, 9],
			"rotation": {"angle": 0, "axis": "y", "origin": [2, 0, 7]},
			"faces": {
				"north": {"uv": [1.5, 5, 2.5, 7], "texture": "#0"},
				"east": {"uv": [2.5, 5, 3.5, 7], "texture": "#0"},
				"south": {"uv": [3.5, 5, 4.5, 7], "texture": "#0"},
				"west": {"uv": [4.5, 5, 5.5, 7], "texture": "#0"},
				"up": {"uv": [2, 8, 1, 7], "texture": "#0"},
				"down": {"uv": [3, 7, 2, 8], "texture": "#0"}
			}
		}
	],
	"display": {
		"thirdperson_righthand": {
			"rotation": [0, 90, 0],
			"translation": [-0.25, 3.5, -4.5],
			"scale": [0.75, 0.75, 0.75]
		},
		"thirdperson_lefthand": {
			"rotation": [0, -90, 0],
			"translation": [-0.25, 3.5, -4.5],
			"scale": [0.75, 0.75, 0.75]
		},
		"firstperson_righthand": {
			"rotation": [11, 87, 0],
			"translation": [0, 9.25, 0]
		},
		"firstperson_lefthand": {
			"rotation": [11, -93, 0],
			"translation": [0, 9.25, 0]
		},
		"ground": {
			"translation": [0, 3.75, 0.25]
		},
		"gui": {
			"rotation": [30, 117, 0],
			"translation": [0, 4.75, 0]
		},
		"head": {
			"rotation": [0, 90, 0],
			"translation": [0, 2.5, 0]
		},
		"fixed": {
			"rotation": [0, 0, 21],
			"translation": [-2, 5, 0]
		}
	},
	"groups": [
		{
			"name": "flamethrower",
			"origin": [8, 8, 8],
			"color": 0,
			"children": [
				{
					"name": "flametrhower",
					"origin": [8, 8, 8],
					"color": 0,
					"children": [
						{
							"name": "flamethrower",
							"origin": [8, 8, 8],
							"color": 0,
							"children": [0, 1, 2, 3, 4, 5, 6, 7, 8, 9]
						}
					]
				}
			]
		}
	]
}
