{
	"format_version": "1.9.0",
	"credit": "Made with Blockbench",
	"texture_size": [32, 32],
	"textures": {
		"0": "block/flaregun",
		"particle": "block/flaregun"
	},
	"elements": [
		{
			"from": [3, 0, 7],
			"to": [5, 5, 9],
			"rotation": {"angle": -22.5, "axis": "z", "origin": [3, 0, 7]},
			"faces": {
				"north": {"uv": [4.5, 4, 5.5, 6.5], "texture": "#0"},
				"east": {"uv": [5.5, 4, 6.5, 6.5], "texture": "#0"},
				"south": {"uv": [0, 6, 1, 8.5], "texture": "#0"},
				"west": {"uv": [1, 6, 2, 8.5], "texture": "#0"},
				"up": {"uv": [7.5, 5.5, 6.5, 4.5], "texture": "#0"},
				"down": {"uv": [6, 6.5, 5, 7.5], "texture": "#0"}
			}
		},
		{
			"from": [4, 3, 6.5],
			"to": [13, 6, 9.5],
			"rotation": {"angle": 0, "axis": "y", "origin": [4, 3, 7]},
			"faces": {
				"north": {"uv": [0, 0, 4.5, 1.5], "texture": "#0"},
				"east": {"uv": [2, 6, 3.5, 7.5], "texture": "#0"},
				"south": {"uv": [0, 1.5, 4.5, 3], "texture": "#0"},
				"west": {"uv": [6.5, 0, 8, 1.5], "texture": "#0"},
				"up": {"uv": [4.5, 4.5, 0, 3], "texture": "#0"},
				"down": {"uv": [4.5, 4.5, 0, 6], "texture": "#0"}
			}
		},
		{
			"from": [8, 2.75, 6.25],
			"to": [12, 3.5, 9.75],
			"rotation": {"angle": 0, "axis": "y", "origin": [4, 3, 7]},
			"faces": {
				"north": {"uv": [6.5, 5.5, 8.5, 6], "texture": "#0"},
				"east": {"uv": [2, 7.5, 3.75, 8], "texture": "#0"},
				"south": {"uv": [6, 6.5, 8, 7], "texture": "#0"},
				"west": {"uv": [4, 7.5, 5.75, 8], "texture": "#0"},
				"up": {"uv": [6.5, 1.75, 4.5, 0], "texture": "#0"},
				"down": {"uv": [6.5, 2, 4.5, 3.75], "texture": "#0"}
			}
		},
		{
			"from": [5, 6, 7],
			"to": [9, 7, 9],
			"rotation": {"angle": 0, "axis": "y", "origin": [1, 6, 7]},
			"faces": {
				"north": {"uv": [6.5, 6, 8.5, 6.5], "texture": "#0"},
				"east": {"uv": [3.5, 6, 4.5, 6.5], "texture": "#0"},
				"south": {"uv": [6, 7, 8, 7.5], "texture": "#0"},
				"west": {"uv": [7, 7.5, 8, 8], "texture": "#0"},
				"up": {"uv": [8.5, 2.5, 6.5, 1.5], "texture": "#0"},
				"down": {"uv": [8.5, 2.5, 6.5, 3.5], "texture": "#0"}
			}
		},
		{
			"from": [6, 11.5, 7.5],
			"to": [8, 12.5, 8.5],
			"rotation": {"angle": -45, "axis": "z", "origin": [0, 12, 7]},
			"faces": {
				"north": {"uv": [8, 0, 9, 0.5], "texture": "#0"},
				"east": {"uv": [7, 8, 7.5, 8.5], "texture": "#0"},
				"south": {"uv": [8, 0.5, 9, 1], "texture": "#0"},
				"west": {"uv": [7.5, 8, 8, 8.5], "texture": "#0"},
				"up": {"uv": [9, 1.5, 8, 1], "texture": "#0"},
				"down": {"uv": [3, 8, 2, 8.5], "texture": "#0"}
			}
		},
		{
			"from": [5, 1, 7.05],
			"to": [8, 1.5, 8.95],
			"rotation": {"angle": 0, "axis": "y", "origin": [4, 3, 7]},
			"faces": {
				"north": {"uv": [3, 8, 4.5, 8.25], "texture": "#0"},
				"east": {"uv": [8, 4, 9, 4.25], "texture": "#0"},
				"south": {"uv": [8, 3.5, 9.5, 3.75], "texture": "#0"},
				"west": {"uv": [4.5, 8, 5.5, 8.25], "texture": "#0"},
				"up": {"uv": [5, 7.5, 3.5, 6.5], "texture": "#0"},
				"down": {"uv": [8, 3.5, 6.5, 4.5], "texture": "#0"}
			}
		},
		{
			"from": [7.5, 1.5, 7.05],
			"to": [8, 3, 8.95],
			"rotation": {"angle": 0, "axis": "y", "origin": [7, 4, 7]},
			"faces": {
				"north": {"uv": [8, 7.5, 8.25, 8.25], "texture": "#0"},
				"east": {"uv": [7.5, 4.5, 8.5, 5.25], "texture": "#0"},
				"south": {"uv": [0, 8.5, 0.25, 9.25], "texture": "#0"},
				"west": {"uv": [6, 7.5, 7, 8.25], "texture": "#0"},
				"up": {"uv": [5.75, 9, 5.5, 8], "texture": "#0"},
				"down": {"uv": [8.25, 6.5, 8, 7.5], "texture": "#0"}
			}
		}
	],
	"display": {
		"thirdperson_righthand": {
			"rotation": [0, 90, 0],
			"translation": [0, 5.5, -0.75]
		},
		"thirdperson_lefthand": {
			"rotation": [0, -90, 0],
			"translation": [0, 5.5, -0.75]
		},
		"firstperson_righthand": {
			"rotation": [0, 75, 0],
			"translation": [7.75, 6, 1.5],
			"scale": [0.75, 0.75, 0.75]
		},
		"firstperson_lefthand": {
			"rotation": [0, -105, 0],
			"translation": [7.75, 6, 1.5],
			"scale": [0.75, 0.75, 0.75]
		},
		"ground": {
			"rotation": [90, 0, 0],
			"translation": [-2, 0.5, 5.75]
		},
		"gui": {
			"rotation": [-180, 45, -165],
			"translation": [1.25, 5.25, 0],
			"scale": [1.25, 1.25, 1.25]
		},
		"head": {
			"rotation": [21, 90, 0],
			"translation": [0, 1.25, -3]
		},
		"fixed": {
			"rotation": [0, 0, 15],
			"translation": [-1.5, 4, 0]
		}
	}
}