{
 "parent": "item/handheld",
 "textures": {
  "layer0": "item/glistering_melon_slice"
 },

 "overrides": [
  { "predicate": {"custom_model_data": 1}, "model": "item/guns_icon"},
  { "predicate": {"custom_model_data": 2}, "model": "item/melee_weapons_icon"},
  { "predicate": {"custom_model_data": 3}, "model": "item/area_icon"},
  { "predicate": {"custom_model_data": 4}, "model": "item/enviromental_icon"},
  { "predicate": {"custom_model_data": 5}, "model": "item/movement_icon"},
  { "predicate": {"custom_model_data": 6}, "model": "item/blocks_icon"},
  { "predicate": {"custom_model_data": 7}, "model": "item/support_icon"},
  { "predicate": {"custom_model_data": 8}, "model": "item/miscellaneous_icon"},
  { "predicate": {"custom_model_data": 9}, "model": "item/guns_crate"},
  { "predicate": {"custom_model_data": 10}, "model": "item/melee_weapons_crate"},
  { "predicate": {"custom_model_data": 11}, "model": "item/area_crate"},
  { "predicate": {"custom_model_data": 12}, "model": "item/enviromental_crate"},
  { "predicate": {"custom_model_data": 13}, "model": "item/movement_crate"},
  { "predicate": {"custom_model_data": 14}, "model": "item/blocks_crate"},
  { "predicate": {"custom_model_data": 15}, "model": "item/support_crate"},
  { "predicate": {"custom_model_data": 16}, "model": "item/miscellaneous_crate"}
 ]

 
}
