{
	"format_version": "1.21.6",
	"credit": "Made with Blockbench",
	"textures": {
		"0": "block/Grappling_Hook",
		"particle": "block/Grappling_Hook"
	},
	"elements": [
		{
			"from": [7.5, 3, 7.5],
			"to": [8.5, 8, 8.5],
			"rotation": {"angle": 0, "axis": "y", "origin": [7, 0, 7]},
			"faces": {
				"north": {"uv": [2, 2, 3, 7], "texture": "#0"},
				"east": {"uv": [3, 2, 4, 7], "texture": "#0"},
				"south": {"uv": [4, 2, 5, 7], "texture": "#0"},
				"west": {"uv": [5, 2, 6, 7], "texture": "#0"},
				"up": {"uv": [9, 8, 8, 7], "texture": "#0"},
				"down": {"uv": [12, 6, 11, 7], "texture": "#0"}
			}
		},
		{
			"from": [7.25, 0, 7.25],
			"to": [8.75, 3, 8.75],
			"rotation": {"angle": 0, "axis": "y", "origin": [7, 0, 7]},
			"faces": {
				"north": {"uv": [6, 2, 7.5, 5], "texture": "#0"},
				"east": {"uv": [6, 5, 7.5, 8], "texture": "#0"},
				"south": {"uv": [2, 7, 3.5, 10], "texture": "#0"},
				"west": {"uv": [4, 7, 5.5, 10], "texture": "#0"},
				"up": {"uv": [1.5, 10.5, 0, 9], "texture": "#0"},
				"down": {"uv": [7.5, 9, 6, 10.5], "texture": "#0"}
			}
		},
		{
			"from": [7.5, 8, 4.5],
			"to": [8.5, 9, 11.5],
			"rotation": {"angle": 0, "axis": "y", "origin": [7, 0, 7]},
			"faces": {
				"north": {"uv": [7, 11, 8, 12], "texture": "#0"},
				"east": {"uv": [0, 0, 7, 1], "texture": "#0"},
				"south": {"uv": [11, 7, 12, 8], "texture": "#0"},
				"west": {"uv": [0, 1, 7, 2], "texture": "#0"},
				"up": {"uv": [1, 9, 0, 2], "texture": "#0"},
				"down": {"uv": [2, 2, 1, 9], "texture": "#0"}
			}
		},
		{
			"from": [8.5, 8, 7.5],
			"to": [11.5, 9, 8.5],
			"rotation": {"angle": 0, "axis": "y", "origin": [7, 0, 7]},
			"faces": {
				"north": {"uv": [7, 0, 10, 1], "texture": "#0"},
				"east": {"uv": [8, 11, 9, 12], "texture": "#0"},
				"south": {"uv": [7, 1, 10, 2], "texture": "#0"},
				"west": {"uv": [11, 8, 12, 9], "texture": "#0"},
				"up": {"uv": [11, 3, 8, 2], "texture": "#0"},
				"down": {"uv": [11, 3, 8, 4], "texture": "#0"}
			}
		},
		{
			"from": [4.5, 8, 7.5],
			"to": [7.5, 9, 8.5],
			"rotation": {"angle": 0, "axis": "y", "origin": [3, 0, 7]},
			"faces": {
				"north": {"uv": [8, 4, 11, 5], "texture": "#0"},
				"east": {"uv": [9, 11, 10, 12], "texture": "#0"},
				"south": {"uv": [8, 5, 11, 6], "texture": "#0"},
				"west": {"uv": [11, 9, 12, 10], "texture": "#0"},
				"up": {"uv": [9, 9, 6, 8], "texture": "#0"},
				"down": {"uv": [11, 6, 8, 7], "texture": "#0"}
			}
		},
		{
			"from": [3.5, 7, 7.5],
			"to": [4.5, 8, 8.5],
			"rotation": {"angle": 0, "axis": "y", "origin": [3, 0, 7]},
			"faces": {
				"north": {"uv": [10, 11, 11, 12], "texture": "#0"},
				"east": {"uv": [11, 10, 12, 11], "texture": "#0"},
				"south": {"uv": [11, 11, 12, 12], "texture": "#0"},
				"west": {"uv": [12, 0, 13, 1], "texture": "#0"},
				"up": {"uv": [13, 2, 12, 1], "texture": "#0"},
				"down": {"uv": [3, 12, 2, 13], "texture": "#0"}
			}
		},
		{
			"from": [11.5, 7, 7.5],
			"to": [12.5, 8, 8.5],
			"rotation": {"angle": 0, "axis": "y", "origin": [11, 0, 7]},
			"faces": {
				"north": {"uv": [12, 4, 13, 5], "texture": "#0"},
				"east": {"uv": [5, 12, 6, 13], "texture": "#0"},
				"south": {"uv": [12, 5, 13, 6], "texture": "#0"},
				"west": {"uv": [12, 6, 13, 7], "texture": "#0"},
				"up": {"uv": [8, 13, 7, 12], "texture": "#0"},
				"down": {"uv": [13, 7, 12, 8], "texture": "#0"}
			}
		},
		{
			"from": [7.5, 7, 3.5],
			"to": [8.5, 8, 4.5],
			"rotation": {"angle": 0, "axis": "y", "origin": [7, 0, 3]},
			"faces": {
				"north": {"uv": [8, 12, 9, 13], "texture": "#0"},
				"east": {"uv": [12, 8, 13, 9], "texture": "#0"},
				"south": {"uv": [9, 12, 10, 13], "texture": "#0"},
				"west": {"uv": [12, 9, 13, 10], "texture": "#0"},
				"up": {"uv": [11, 13, 10, 12], "texture": "#0"},
				"down": {"uv": [13, 10, 12, 11], "texture": "#0"}
			}
		},
		{
			"from": [2.5, 5, 7.5],
			"to": [3.5, 7, 8.5],
			"rotation": {"angle": 0, "axis": "y", "origin": [3, 0, 7]},
			"faces": {
				"north": {"uv": [9, 7, 10, 9], "texture": "#0"},
				"east": {"uv": [8, 9, 9, 11], "texture": "#0"},
				"south": {"uv": [9, 9, 10, 11], "texture": "#0"},
				"west": {"uv": [10, 0, 11, 2], "texture": "#0"},
				"up": {"uv": [13, 3, 12, 2], "texture": "#0"},
				"down": {"uv": [4, 12, 3, 13], "texture": "#0"}
			}
		},
		{
			"from": [12.5, 5, 7.5],
			"to": [13.5, 7, 8.5],
			"rotation": {"angle": 0, "axis": "y", "origin": [13, 0, 7]},
			"faces": {
				"north": {"uv": [2, 10, 3, 12], "texture": "#0"},
				"east": {"uv": [3, 10, 4, 12], "texture": "#0"},
				"south": {"uv": [4, 10, 5, 12], "texture": "#0"},
				"west": {"uv": [5, 10, 6, 12], "texture": "#0"},
				"up": {"uv": [13, 4, 12, 3], "texture": "#0"},
				"down": {"uv": [5, 12, 4, 13], "texture": "#0"}
			}
		},
		{
			"from": [7.5, 5, 2.5],
			"to": [8.5, 7, 3.5],
			"rotation": {"angle": 0, "axis": "y", "origin": [8, 0, 2]},
			"faces": {
				"north": {"uv": [10, 7, 11, 9], "texture": "#0"},
				"east": {"uv": [10, 9, 11, 11], "texture": "#0"},
				"south": {"uv": [0, 11, 1, 13], "texture": "#0"},
				"west": {"uv": [11, 0, 12, 2], "texture": "#0"},
				"up": {"uv": [12, 13, 11, 12], "texture": "#0"},
				"down": {"uv": [13, 11, 12, 12], "texture": "#0"}
			}
		},
		{
			"from": [7.5, 7, 11.5],
			"to": [8.5, 8, 12.5],
			"rotation": {"angle": 0, "axis": "y", "origin": [7, 0, 11]},
			"faces": {
				"north": {"uv": [13, 0, 14, 1], "texture": "#0"},
				"east": {"uv": [1, 13, 2, 14], "texture": "#0"},
				"south": {"uv": [13, 1, 14, 2], "texture": "#0"},
				"west": {"uv": [2, 13, 3, 14], "texture": "#0"},
				"up": {"uv": [14, 3, 13, 2], "texture": "#0"},
				"down": {"uv": [4, 13, 3, 14], "texture": "#0"}
			}
		},
		{
			"from": [7.5, 5, 12.5],
			"to": [8.5, 7, 13.5],
			"rotation": {"angle": 0, "axis": "y", "origin": [8, 0, 12]},
			"faces": {
				"north": {"uv": [1, 11, 2, 13], "texture": "#0"},
				"east": {"uv": [11, 2, 12, 4], "texture": "#0"},
				"south": {"uv": [11, 4, 12, 6], "texture": "#0"},
				"west": {"uv": [6, 11, 7, 13], "texture": "#0"},
				"up": {"uv": [13, 13, 12, 12], "texture": "#0"},
				"down": {"uv": [1, 13, 0, 14], "texture": "#0"}
			}
		}
	],
	"display": {
		"thirdperson_righthand": {
			"rotation": [-180, 0, 0],
			"translation": [0, -7.5, 0],
			"scale": [0.75, 0.75, 0.75]
		},
		"thirdperson_lefthand": {
			"rotation": [-180, 0, 0],
			"translation": [0, -7.5, 0],
			"scale": [0.75, 0.75, 0.75]
		},
		"firstperson_righthand": {
			"rotation": [-20, 87, 0],
			"translation": [0, 5.25, 0]
		},
		"firstperson_lefthand": {
			"rotation": [-20, 87, 0],
			"translation": [0, 5.25, 0]
		},
		"ground": {
			"rotation": [90, 0, 180],
			"translation": [0, 0, -5.75]
		},
		"gui": {
			"rotation": [-30, 19, 19],
			"translation": [-0.5, 2, 0]
		},
		"head": {
			"rotation": [0, 90, 0],
			"translation": [0, 13, 0],
			"scale": [1.5, 1.5, 1.5]
		},
		"fixed": {
			"rotation": [0, 0, 21],
			"translation": [-1, 2, 0]
		}
	}
}