{
	"format_version": "1.21.6",
	"credit": "Made with Blockbench",
	"texture_size": [32, 32],
	"textures": {
		"0": "great_sword",
		"particle": "great_sword"
	},
	"elements": [
		{
			"from": [7.25, 0, 7.75],
			"to": [8.75, 4, 8.25],
			"rotation": {"angle": 0, "axis": "y", "origin": [8, 0, 7]},
			"faces": {
				"north": {"uv": [7, 3, 7.75, 5], "texture": "#0"},
				"east": {"uv": [8, 4, 8.25, 6], "texture": "#0"},
				"south": {"uv": [7, 5, 7.75, 7], "texture": "#0"},
				"west": {"uv": [7, 8, 7.25, 10], "texture": "#0"},
				"up": {"uv": [9.25, 5.75, 8.5, 5.5], "texture": "#0"},
				"down": {"uv": [8.25, 8.5, 7.5, 8.75], "texture": "#0"}
			}
		},
		{
			"from": [5.25, 5, 7.75],
			"to": [10.75, 25, 8.25],
			"rotation": {"angle": 0, "axis": "y", "origin": [8, 5, 7]},
			"faces": {
				"north": {"uv": [0, 0, 2.75, 10], "texture": "#0"},
				"east": {"uv": [6, 2, 6.25, 12], "texture": "#0"},
				"south": {"uv": [3, 0, 5.75, 10], "texture": "#0"},
				"west": {"uv": [6.5, 2, 6.75, 12], "texture": "#0"},
				"up": {"uv": [10.75, 3.25, 8, 3], "texture": "#0"},
				"down": {"uv": [10.75, 3.5, 8, 3.75], "texture": "#0"}
			}
		},
		{
			"from": [6.25, 25, 7.75],
			"to": [9.75, 26, 8.25],
			"rotation": {"angle": 0, "axis": "y", "origin": [8, 5, 7]},
			"faces": {
				"north": {"uv": [7, 7, 8.75, 7.5], "texture": "#0"},
				"east": {"uv": [9, 7, 9.25, 7.5], "texture": "#0"},
				"south": {"uv": [7, 7.5, 8.75, 8], "texture": "#0"},
				"west": {"uv": [7.5, 9, 7.75, 9.5], "texture": "#0"},
				"up": {"uv": [9.75, 6.25, 8, 6], "texture": "#0"},
				"down": {"uv": [9.75, 6.5, 8, 6.75], "texture": "#0"}
			}
		},
		{
			"from": [7.25, 26, 7.75],
			"to": [8.75, 27, 8.25],
			"rotation": {"angle": 0, "axis": "y", "origin": [8, 5, 7]},
			"faces": {
				"north": {"uv": [8.5, 4.5, 9.25, 5], "texture": "#0"},
				"east": {"uv": [9, 7.5, 9.25, 8], "texture": "#0"},
				"south": {"uv": [8.5, 5, 9.25, 5.5], "texture": "#0"},
				"west": {"uv": [8, 9, 8.25, 9.5], "texture": "#0"},
				"up": {"uv": [9.25, 8.25, 8.5, 8], "texture": "#0"},
				"down": {"uv": [9.25, 8.5, 8.5, 8.75], "texture": "#0"}
			}
		},
		{
			"from": [3.75, 4, 7.25],
			"to": [12.25, 5, 8.75],
			"rotation": {"angle": 0, "axis": "y", "origin": [8, 0, 7]},
			"faces": {
				"north": {"uv": [7, 2, 11.25, 2.5], "texture": "#0"},
				"east": {"uv": [7.5, 8, 8.25, 8.5], "texture": "#0"},
				"south": {"uv": [7, 2.5, 11.25, 3], "texture": "#0"},
				"west": {"uv": [8.5, 4, 9.25, 4.5], "texture": "#0"},
				"up": {"uv": [10.25, 0.75, 6, 0], "texture": "#0"},
				"down": {"uv": [10.25, 1, 6, 1.75], "texture": "#0"}
			}
		}
	],
	"display": {
		"thirdperson_righthand": {
			"rotation": [0, 90, 0],
			"translation": [-0.5, 4.25, 1.25]
		},
		"thirdperson_lefthand": {
			"rotation": [0, 90, 0],
			"translation": [-0.5, 4.25, 1.25]
		},
		"firstperson_righthand": {
			"rotation": [16, 90, 0],
			"translation": [1.25, -0.5, -2.75]
		},
		"firstperson_lefthand": {
			"rotation": [16, 90, 0],
			"translation": [1.25, -0.5, -2.75]
		},
		"ground": {
			"rotation": [-180, 0, -90],
			"translation": [6.25, 0.25, 1]
		},
		"gui": {
			"rotation": [-24, -34, -62],
			"translation": [-3.25, -3, 0],
			"scale": [0.75, 0.75, 0.75]
		},
		"head": {
			"rotation": [-73, 90, 0],
			"translation": [0, 5, -6.5]
		},
		"fixed": {
			"rotation": [0, 0, 45],
			"translation": [4, -4, 0.5]
		}
	},
	"groups": [
		{
			"name": "great_sword",
			"origin": [8, 8, 8],
			"color": 0,
			"children": [0, 1, 2, 3, 4]
		}
	]
}