{
	"format_version": "1.9.0",
	"credit": "Made with Blockbench",
	"texture_size": [32, 32],
	"textures": {
		"0": "growth_cannon",
		"particle": "growth_cannon"
	},
	"elements": [
		{
			"from": [1, 0, 7],
			"to": [3, 6, 9],
			"rotation": {"angle": -22.5, "axis": "z", "origin": [1, 0, 7]},
			"faces": {
				"north": {"uv": [0, 6, 1, 9], "texture": "#0"},
				"east": {"uv": [1, 6, 2, 9], "texture": "#0"},
				"south": {"uv": [2, 6, 3, 9], "texture": "#0"},
				"west": {"uv": [3, 6, 4, 9], "texture": "#0"},
				"up": {"uv": [7.5, 3, 6.5, 2], "texture": "#0"},
				"down": {"uv": [7.5, 3, 6.5, 4], "texture": "#0"}
			}
		},
		{
			"from": [2, 4, 6],
			"to": [11, 8, 10],
			"rotation": {"angle": 0, "axis": "z", "origin": [1, 0, 7]},
			"faces": {
				"north": {"uv": [0, 0, 4.5, 2], "texture": "#0"},
				"east": {"uv": [4.5, 2, 6.5, 4], "texture": "#0"},
				"south": {"uv": [0, 2, 4.5, 4], "texture": "#0"},
				"west": {"uv": [4.5, 4, 6.5, 6], "texture": "#0"},
				"up": {"uv": [4.5, 6, 0, 4], "texture": "#0"},
				"down": {"uv": [9, 0, 4.5, 2], "texture": "#0"}
			}
		},
		{
			"from": [5, 2, 7],
			"to": [6, 4, 9],
			"rotation": {"angle": 0, "axis": "y", "origin": [1, 0, 7]},
			"faces": {
				"north": {"uv": [8.5, 5, 9, 6], "texture": "#0"},
				"east": {"uv": [6.5, 4, 7.5, 5], "texture": "#0"},
				"south": {"uv": [8.5, 7, 9, 8], "texture": "#0"},
				"west": {"uv": [6.5, 5, 7.5, 6], "texture": "#0"},
				"up": {"uv": [8.5, 9.5, 8, 8.5], "texture": "#0"},
				"down": {"uv": [9, 8, 8.5, 9], "texture": "#0"}
			}
		},
		{
			"from": [11, 5.5, 7.5],
			"to": [12, 6.5, 8.5],
			"rotation": {"angle": 0, "axis": "y", "origin": [1, 1, 9]},
			"faces": {
				"north": {"uv": [0, 9, 0.5, 9.5], "texture": "#0"},
				"east": {"uv": [9, 0, 9.5, 0.5], "texture": "#0"},
				"south": {"uv": [0.5, 9, 1, 9.5], "texture": "#0"},
				"west": {"uv": [9, 0.5, 9.5, 1], "texture": "#0"},
				"up": {"uv": [1.5, 9.5, 1, 9], "texture": "#0"},
				"down": {"uv": [9.5, 1, 9, 1.5], "texture": "#0"}
			}
		},
		{
			"from": [13, 5.5, 7.5],
			"to": [15, 6.5, 8.5],
			"rotation": {"angle": 0, "axis": "y", "origin": [3, 1, 9]},
			"faces": {
				"north": {"uv": [8.5, 3, 9.5, 3.5], "texture": "#0"},
				"east": {"uv": [5, 9, 5.5, 9.5], "texture": "#0"},
				"south": {"uv": [8.5, 3.5, 9.5, 4], "texture": "#0"},
				"west": {"uv": [9, 5, 9.5, 5.5], "texture": "#0"},
				"up": {"uv": [9.5, 4.5, 8.5, 4], "texture": "#0"},
				"down": {"uv": [9.5, 4.5, 8.5, 5], "texture": "#0"}
			}
		},
		{
			"from": [12, 4.5, 6.5],
			"to": [13, 7.5, 9.5],
			"rotation": {"angle": 0, "axis": "y", "origin": [2, 1, 9]},
			"faces": {
				"north": {"uv": [7, 6, 7.5, 7.5], "texture": "#0"},
				"east": {"uv": [4, 6, 5.5, 7.5], "texture": "#0"},
				"south": {"uv": [7.5, 2, 8, 3.5], "texture": "#0"},
				"west": {"uv": [5.5, 6, 7, 7.5], "texture": "#0"},
				"up": {"uv": [8, 5, 7.5, 3.5], "texture": "#0"},
				"down": {"uv": [4.5, 7.5, 4, 9], "texture": "#0"}
			}
		},
		{
			"from": [13, 4.5, 9.5],
			"to": [14, 7.5, 10.5],
			"rotation": {"angle": 0, "axis": "y", "origin": [2, 1, 9]},
			"faces": {
				"north": {"uv": [4.5, 7.5, 5, 9], "texture": "#0"},
				"east": {"uv": [5, 7.5, 5.5, 9], "texture": "#0"},
				"south": {"uv": [7.5, 5, 8, 6.5], "texture": "#0"},
				"west": {"uv": [5.5, 7.5, 6, 9], "texture": "#0"},
				"up": {"uv": [2, 9.5, 1.5, 9], "texture": "#0"},
				"down": {"uv": [9.5, 1.5, 9, 2], "texture": "#0"}
			}
		},
		{
			"from": [13, 4.5, 5.5],
			"to": [14, 7.5, 6.5],
			"rotation": {"angle": 0, "axis": "y", "origin": [2, 1, 5]},
			"faces": {
				"north": {"uv": [6, 7.5, 6.5, 9], "texture": "#0"},
				"east": {"uv": [6.5, 7.5, 7, 9], "texture": "#0"},
				"south": {"uv": [7.5, 6.5, 8, 8], "texture": "#0"},
				"west": {"uv": [7, 7.5, 7.5, 9], "texture": "#0"},
				"up": {"uv": [2.5, 9.5, 2, 9], "texture": "#0"},
				"down": {"uv": [3, 9, 2.5, 9.5], "texture": "#0"}
			}
		},
		{
			"from": [13, 7.5, 6.5],
			"to": [14, 8.5, 9.5],
			"rotation": {"angle": 0, "axis": "x", "origin": [2, 9, 3]},
			"faces": {
				"north": {"uv": [3, 9, 3.5, 9.5], "texture": "#0"},
				"east": {"uv": [8, 2, 9.5, 2.5], "texture": "#0"},
				"south": {"uv": [3.5, 9, 4, 9.5], "texture": "#0"},
				"west": {"uv": [8, 2.5, 9.5, 3], "texture": "#0"},
				"up": {"uv": [8.5, 4.5, 8, 3], "texture": "#0"},
				"down": {"uv": [8.5, 4.5, 8, 6], "texture": "#0"}
			}
		},
		{
			"from": [13, 3.5, 6.5],
			"to": [14, 4.5, 9.5],
			"rotation": {"angle": 0, "axis": "y", "origin": [2, 5, 3]},
			"faces": {
				"north": {"uv": [4, 9, 4.5, 9.5], "texture": "#0"},
				"east": {"uv": [8, 6, 9.5, 6.5], "texture": "#0"},
				"south": {"uv": [4.5, 9, 5, 9.5], "texture": "#0"},
				"west": {"uv": [8, 6.5, 9.5, 7], "texture": "#0"},
				"up": {"uv": [8.5, 8.5, 8, 7], "texture": "#0"},
				"down": {"uv": [8, 8, 7.5, 9.5], "texture": "#0"}
			}
		}
	],
	"display": {
		"thirdperson_righthand": {
			"rotation": [0, 90, 0],
			"translation": [0, 4.5, -2.5]
		},
		"thirdperson_lefthand": {
			"rotation": [0, -90, 0],
			"translation": [0, 4.5, -2.5]
		},
		"firstperson_righthand": {
			"rotation": [0, 75, 0],
			"translation": [6.25, 7.5, 1.5]
		},
		"firstperson_lefthand": {
			"rotation": [0, -105, 0],
			"translation": [6.25, 7.5, 1.5]
		},
		"ground": {
			"rotation": [90, 0, 0],
			"translation": [0, 0.25, 1.75]
		},
		"gui": {
			"rotation": [0, 135, 15],
			"translation": [1, 4, 0]
		},
		"head": {
			"rotation": [0, 90, 0],
			"translation": [0, 5.75, -3.25]
		},
		"fixed": {
			"rotation": [0, 0, 15],
			"translation": [-1, 4, 0]
		}
	},
	"groups": [
		{
			"name": "growth_cannon",
			"origin": [8, 8, 8],
			"color": 0,
			"children": [0, 1, 2, 3, 4, 5, 6, 7, 8, 9]
		}
	]
}