{
	"credit": "Made with Blockbench",
	"texture_size": [64, 64],
	"textures": {
		"0": "block/guns_crate",
		"particle": "block/guns_crate"
	},
	"elements": [
		{
			"from": [1, 1, 1],
			"to": [15, 15, 15],
			"rotation": {"angle": 0, "axis": "y", "origin": [1, 1, 1]},
			"faces": {
				"north": {"uv": [0, 0, 3.5, 3.5], "texture": "#0"},
				"east": {"uv": [0, 3.5, 3.5, 7], "texture": "#0"},
				"south": {"uv": [3.5, 0, 7, 3.5], "texture": "#0"},
				"west": {"uv": [3.5, 3.5, 7, 7], "texture": "#0"},
				"up": {"uv": [3.5, 10.5, 0, 7], "texture": "#0"},
				"down": {"uv": [10.5, 0, 7, 3.5], "texture": "#0"}
			}
		},
		{
			"from": [0, 0, 15],
			"to": [16, 1, 16],
			"rotation": {"angle": 0, "axis": "y", "origin": [1, 1, 1]},
			"faces": {
				"north": {"uv": [3.5, 7, 7.5, 7.25], "texture": "#0"},
				"east": {"uv": [9.5, 8.25, 9.75, 8.5], "texture": "#0"},
				"south": {"uv": [7, 3.5, 11, 3.75], "texture": "#0"},
				"west": {"uv": [9.5, 8.5, 9.75, 8.75], "texture": "#0"},
				"up": {"uv": [11, 4, 7, 3.75], "texture": "#0"},
				"down": {"uv": [11, 4, 7, 4.25], "texture": "#0"}
			}
		},
		{
			"from": [0, 0, 0],
			"to": [16, 1, 1],
			"rotation": {"angle": 0, "axis": "y", "origin": [1, 1, -14]},
			"faces": {
				"north": {"uv": [7, 4.25, 11, 4.5], "texture": "#0"},
				"east": {"uv": [9.5, 8.75, 9.75, 9], "texture": "#0"},
				"south": {"uv": [7, 4.5, 11, 4.75], "texture": "#0"},
				"west": {"uv": [9.5, 9, 9.75, 9.25], "texture": "#0"},
				"up": {"uv": [11, 5, 7, 4.75], "texture": "#0"},
				"down": {"uv": [11, 5, 7, 5.25], "texture": "#0"}
			}
		},
		{
			"from": [15, 0, 1],
			"to": [16, 1, 15],
			"rotation": {"angle": 0, "axis": "y", "origin": [1, 1, -14]},
			"faces": {
				"north": {"uv": [9.5, 9.25, 9.75, 9.5], "texture": "#0"},
				"east": {"uv": [3.5, 7.5, 7, 7.75], "texture": "#0"},
				"south": {"uv": [9.5, 9.5, 9.75, 9.75], "texture": "#0"},
				"west": {"uv": [7, 7.5, 10.5, 7.75], "texture": "#0"},
				"up": {"uv": [3.75, 11.25, 3.5, 7.75], "texture": "#0"},
				"down": {"uv": [4, 7.75, 3.75, 11.25], "texture": "#0"}
			}
		},
		{
			"from": [0, 0, 1],
			"to": [1, 1, 15],
			"rotation": {"angle": 0, "axis": "y", "origin": [-14, 1, -14]},
			"faces": {
				"north": {"uv": [9.75, 8.25, 10, 8.5], "texture": "#0"},
				"east": {"uv": [7.5, 7, 11, 7.25], "texture": "#0"},
				"south": {"uv": [9.75, 8.5, 10, 8.75], "texture": "#0"},
				"west": {"uv": [7.5, 7.25, 11, 7.5], "texture": "#0"},
				"up": {"uv": [4.25, 11.25, 4, 7.75], "texture": "#0"},
				"down": {"uv": [4.5, 7.75, 4.25, 11.25], "texture": "#0"}
			}
		},
		{
			"from": [0, 15, 15],
			"to": [16, 16, 16],
			"rotation": {"angle": 0, "axis": "y", "origin": [1, 16, 1]},
			"faces": {
				"north": {"uv": [7, 6.25, 11, 6.5], "texture": "#0"},
				"east": {"uv": [10, 8.25, 10.25, 8.5], "texture": "#0"},
				"south": {"uv": [7, 6.5, 11, 6.75], "texture": "#0"},
				"west": {"uv": [10, 8.5, 10.25, 8.75], "texture": "#0"},
				"up": {"uv": [11, 7, 7, 6.75], "texture": "#0"},
				"down": {"uv": [7.5, 7.25, 3.5, 7.5], "texture": "#0"}
			}
		},
		{
			"from": [0, 15, 0],
			"to": [16, 16, 1],
			"rotation": {"angle": 0, "axis": "y", "origin": [1, 16, -14]},
			"faces": {
				"north": {"uv": [7, 5.25, 11, 5.5], "texture": "#0"},
				"east": {"uv": [9.75, 9.5, 10, 9.75], "texture": "#0"},
				"south": {"uv": [7, 5.5, 11, 5.75], "texture": "#0"},
				"west": {"uv": [9.75, 9.75, 10, 10], "texture": "#0"},
				"up": {"uv": [11, 6, 7, 5.75], "texture": "#0"},
				"down": {"uv": [11, 6, 7, 6.25], "texture": "#0"}
			}
		},
		{
			"from": [15, 15, 1],
			"to": [16, 16, 15],
			"rotation": {"angle": 0, "axis": "x", "origin": [1, 16, -14]},
			"faces": {
				"north": {"uv": [9.75, 9.25, 10, 9.5], "texture": "#0"},
				"east": {"uv": [8.25, 7.75, 11.75, 8], "texture": "#0"},
				"south": {"uv": [9.5, 9.75, 9.75, 10], "texture": "#0"},
				"west": {"uv": [8.25, 8, 11.75, 8.25], "texture": "#0"},
				"up": {"uv": [5, 11.75, 4.75, 8.25], "texture": "#0"},
				"down": {"uv": [5.25, 8.25, 5, 11.75], "texture": "#0"}
			}
		},
		{
			"from": [0, 15, 1],
			"to": [1, 16, 15],
			"rotation": {"angle": 0, "axis": "x", "origin": [-14, 16, -14]},
			"faces": {
				"north": {"uv": [9.75, 8.75, 10, 9], "texture": "#0"},
				"east": {"uv": [4.5, 7.75, 8, 8], "texture": "#0"},
				"south": {"uv": [9.75, 9, 10, 9.25], "texture": "#0"},
				"west": {"uv": [4.5, 8, 8, 8.25], "texture": "#0"},
				"up": {"uv": [8.25, 11.25, 8, 7.75], "texture": "#0"},
				"down": {"uv": [4.75, 8.25, 4.5, 11.75], "texture": "#0"}
			}
		},
		{
			"from": [15, 1, 0],
			"to": [16, 15, 1],
			"rotation": {"angle": 0, "axis": "x", "origin": [1, 30, 1]},
			"faces": {
				"north": {"uv": [6.25, 8.25, 6.5, 11.75], "texture": "#0"},
				"east": {"uv": [6.5, 8.25, 6.75, 11.75], "texture": "#0"},
				"south": {"uv": [6.75, 8.25, 7, 11.75], "texture": "#0"},
				"west": {"uv": [7, 8.25, 7.25, 11.75], "texture": "#0"},
				"up": {"uv": [10.25, 9.5, 10, 9.25], "texture": "#0"},
				"down": {"uv": [9.75, 10, 9.5, 10.25], "texture": "#0"}
			}
		},
		{
			"from": [0, 1, 0],
			"to": [1, 15, 1],
			"rotation": {"angle": 0, "axis": "x", "origin": [-14, 30, 1]},
			"faces": {
				"north": {"uv": [5.25, 8.25, 5.5, 11.75], "texture": "#0"},
				"east": {"uv": [5.5, 8.25, 5.75, 11.75], "texture": "#0"},
				"south": {"uv": [5.75, 8.25, 6, 11.75], "texture": "#0"},
				"west": {"uv": [6, 8.25, 6.25, 11.75], "texture": "#0"},
				"up": {"uv": [10.25, 9, 10, 8.75], "texture": "#0"},
				"down": {"uv": [10.25, 9, 10, 9.25], "texture": "#0"}
			}
		},
		{
			"from": [15, 1, 15],
			"to": [16, 15, 16],
			"rotation": {"angle": 0, "axis": "y", "origin": [1, 30, 16]},
			"faces": {
				"north": {"uv": [8.5, 8.25, 8.75, 11.75], "texture": "#0"},
				"east": {"uv": [8.75, 8.25, 9, 11.75], "texture": "#0"},
				"south": {"uv": [9, 8.25, 9.25, 11.75], "texture": "#0"},
				"west": {"uv": [9.25, 8.25, 9.5, 11.75], "texture": "#0"},
				"up": {"uv": [10.25, 10, 10, 9.75], "texture": "#0"},
				"down": {"uv": [10.25, 10, 10, 10.25], "texture": "#0"}
			}
		},
		{
			"from": [0, 1, 15],
			"to": [1, 15, 16],
			"rotation": {"angle": 0, "axis": "y", "origin": [-14, 30, 16]},
			"faces": {
				"north": {"uv": [7.25, 8.25, 7.5, 11.75], "texture": "#0"},
				"east": {"uv": [7.5, 8.25, 7.75, 11.75], "texture": "#0"},
				"south": {"uv": [7.75, 8.25, 8, 11.75], "texture": "#0"},
				"west": {"uv": [8.25, 8.25, 8.5, 11.75], "texture": "#0"},
				"up": {"uv": [10.25, 9.75, 10, 9.5], "texture": "#0"},
				"down": {"uv": [10, 10, 9.75, 10.25], "texture": "#0"}
			}
		}
	],
	"display": {
		"thirdperson_righthand": {
			"translation": [-3, 1, 0],
			"scale": [0.5, 0.5, 0.5]
		},
		"thirdperson_lefthand": {
			"translation": [-3, 1, 0],
			"scale": [0.5, 0.5, 0.5]
		},
		"firstperson_righthand": {
			"rotation": [0, 15, 0],
			"translation": [0, 4, 0],
			"scale": [0.5, 0.5, 0.5]
		},
		"firstperson_lefthand": {
			"rotation": [0, -165, 0],
			"translation": [0, 4, 0],
			"scale": [0.5, 0.5, 0.5]
		},
		"ground": {
			"rotation": [90, 0, 0],
			"translation": [0, -1.25, -2],
			"scale": [0.5, 0.5, 0.5]
		},
		"gui": {
			"rotation": [16, -23, 0],
			"scale": [0.5, 0.5, 0.5]
		},
		"fixed": {
			"rotation": [-90, 0, 0],
			"translation": [0, 0, -14],
			"scale": [2, 2, 2]
		}
	}
}