{
	"credit": "Made with Blockbench",
	"texture_size": [32, 32],
	"textures": {
		"0": "block/katana",
		"particle": "block/katana"
	},
	"elements": [
		{
			"from": [7, 0, 7],
			"to": [9, 5, 9],
			"rotation": {"angle": 0, "axis": "y", "origin": [7, 0, 7]},
			"faces": {
				"north": {"uv": [4, 4, 5, 6.5], "texture": "#0"},
				"east": {"uv": [5, 4, 6, 6.5], "texture": "#0"},
				"south": {"uv": [6, 0, 7, 2.5], "texture": "#0"},
				"west": {"uv": [6, 2.5, 7, 5], "texture": "#0"},
				"up": {"uv": [7, 7, 6, 6], "texture": "#0"},
				"down": {"uv": [5, 6.5, 4, 7.5], "texture": "#0"}
			}
		},
		{
			"from": [5, 5, 6],
			"to": [11, 6, 10],
			"rotation": {"angle": 0, "axis": "y", "origin": [7, 0, 7]},
			"faces": {
				"north": {"uv": [6, 5, 9, 5.5], "texture": "#0"},
				"east": {"uv": [7, 0, 9, 0.5], "texture": "#0"},
				"south": {"uv": [6, 5.5, 9, 6], "texture": "#0"},
				"west": {"uv": [7, 0.5, 9, 1], "texture": "#0"},
				"up": {"uv": [6, 2, 3, 0], "texture": "#0"},
				"down": {"uv": [6, 2, 3, 4], "texture": "#0"}
			}
		},
		{
			"from": [6.5, 6, 7.5],
			"to": [9.5, 24, 8.5],
			"rotation": {"angle": 0, "axis": "y", "origin": [7, 0, 7]},
			"faces": {
				"north": {"uv": [0, 0, 1.5, 9], "texture": "#0"},
				"east": {"uv": [3, 4, 3.5, 13], "texture": "#0"},
				"south": {"uv": [1.5, 0, 3, 9], "texture": "#0"},
				"west": {"uv": [3.5, 4, 4, 13], "texture": "#0"},
				"up": {"uv": [8.5, 2.5, 7, 2], "texture": "#0"},
				"down": {"uv": [8.5, 2.5, 7, 3], "texture": "#0"}
			}
		},
		{
			"from": [6.5, 24, 7.5],
			"to": [8.5, 26, 8.5],
			"rotation": {"angle": 0, "axis": "y", "origin": [7, -7, 7]},
			"faces": {
				"north": {"uv": [5, 6.5, 6, 7.5], "texture": "#0"},
				"east": {"uv": [7, 3, 7.5, 4], "texture": "#0"},
				"south": {"uv": [7, 1, 8, 2], "texture": "#0"},
				"west": {"uv": [7, 4, 7.5, 5], "texture": "#0"},
				"up": {"uv": [7, 7.5, 6, 7], "texture": "#0"},
				"down": {"uv": [8, 6, 7, 6.5], "texture": "#0"}
			}
		},
		{
			"from": [6.5, 26, 7.5],
			"to": [7.5, 28, 8.5],
			"rotation": {"angle": 0, "axis": "y", "origin": [7, -5, 7]},
			"faces": {
				"north": {"uv": [7, 6.5, 7.5, 7.5], "texture": "#0"},
				"east": {"uv": [7.5, 3, 8, 4], "texture": "#0"},
				"south": {"uv": [4, 7.5, 4.5, 8.5], "texture": "#0"},
				"west": {"uv": [7.5, 4, 8, 5], "texture": "#0"},
				"up": {"uv": [5, 8, 4.5, 7.5], "texture": "#0"},
				"down": {"uv": [5.5, 7.5, 5, 8], "texture": "#0"}
			}
		}
	],
	"display": {
		"thirdperson_righthand": {
			"rotation": [0, 90, 0],
			"translation": [0, 3.5, 1.25]
		},
		"thirdperson_lefthand": {
			"rotation": [0, -90, 0],
			"translation": [0, 3.5, 1.25]
		},
		"firstperson_righthand": {
			"rotation": [90, 75, -90],
			"translation": [0, 2.75, 0],
			"scale": [0.5, 0.75, 0.5]
		},
		"firstperson_lefthand": {
			"rotation": [-90, -75, -90],
			"translation": [0, 2.75, 0],
			"scale": [0.5, 0.75, 0.5]
		},
		"ground": {
			"rotation": [180, 0, 90],
			"translation": [-5.5, 0.75, 0.75]
		},
		"gui": {
			"rotation": [0, 35, -45],
			"translation": [-2.75, -3.5, 0],
			"scale": [0.75, 0.75, 0.75]
		},
		"head": {
			"rotation": [-60.75, 90, 0],
			"translation": [0, 0.75, -1.5]
		},
		"fixed": {
			"rotation": [0, 0, 45],
			"translation": [4.25, -3.75, 0]
		}
	}
}