{
	"format_version": "1.21.6",
	"credit": "Made with Blockbench",
	"texture_size": [32, 32],
	"textures": {
		"0": "block/landmine",
		"particle": "block/landmine"
	},
	"elements": [
		{
			"from": [2, 0, 2],
			"to": [14, 3, 14],
			"rotation": {"angle": 0, "axis": "y", "origin": [2, 0, 2]},
			"faces": {
				"north": {"uv": [6, 0, 12, 1.5], "texture": "#0"},
				"east": {"uv": [6, 1.5, 12, 3], "texture": "#0"},
				"south": {"uv": [6, 3, 12, 4.5], "texture": "#0"},
				"west": {"uv": [6, 4.5, 12, 6], "texture": "#0"},
				"up": {"uv": [6, 6, 0, 0], "texture": "#0"},
				"down": {"uv": [6, 6, 0, 12], "texture": "#0"}
			}
		},
		{
			"from": [6, 3, 6],
			"to": [10, 4, 10],
			"rotation": {"angle": 0, "axis": "y", "origin": [2, 1, 2]},
			"faces": {
				"north": {"uv": [8, 6, 10, 6.5], "texture": "#0"},
				"east": {"uv": [8, 6.5, 10, 7], "texture": "#0"},
				"south": {"uv": [8, 7, 10, 7.5], "texture": "#0"},
				"west": {"uv": [8, 7.5, 10, 8], "texture": "#0"},
				"up": {"uv": [8, 8, 6, 6], "texture": "#0"},
				"down": {"uv": [8, 8, 6, 10], "texture": "#0"}
			}
		}
	],
	"display": {
		"thirdperson_righthand": {
			"translation": [0, 2.75, -1],
			"scale": [0.5, 0.5, 0.5]
		},
		"thirdperson_lefthand": {
			"translation": [0, 2.75, -1],
			"scale": [0.5, 0.5, 0.5]
		},
		"firstperson_righthand": {
			"rotation": [12, -30, 0],
			"translation": [3.5, 7.25, 0],
			"scale": [0.75, 0.75, 0.75]
		},
		"firstperson_lefthand": {
			"rotation": [12, -30, 0],
			"translation": [3.5, 7.25, 0],
			"scale": [0.75, 0.75, 0.75]
		},
		"ground": {
			"translation": [0, 3.25, -1.25],
			"scale": [0.5, 0.5, 0.5]
		},
		"gui": {
			"rotation": [21, 16, 0],
			"translation": [0, 5, 0],
			"scale": [0.75, 0.75, 0.75]
		},
		"head": {
			"translation": [0, 14.5, 0]
		},
		"fixed": {
			"translation": [0, 6.5, 0]
		}
	}
}
