{
	"credit": "Made with Blockbench",
	"texture_size": [32, 32],
	"textures": {
		"0": "block/laser_gun",
		"particle": "block/laser_gun"
	},
	"elements": [
		{
			"from": [0, 4, 6],
			"to": [16, 9, 10],
			"rotation": {"angle": 0, "axis": "z", "origin": [0, 1, 7]},
			"faces": {
				"north": {"uv": [0, 0, 8, 2.5], "texture": "#0"},
				"east": {"uv": [8, 0, 10, 2.5], "texture": "#0"},
				"south": {"uv": [0, 2.5, 8, 5], "texture": "#0"},
				"west": {"uv": [8, 2.5, 10, 5], "texture": "#0"},
				"up": {"uv": [8, 7, 0, 5], "texture": "#0"},
				"down": {"uv": [8, 7, 0, 9], "texture": "#0"}
			}
		},
		{
			"from": [6.5, 1.5, 7.05],
			"to": [7, 4, 8.95],
			"rotation": {"angle": 0, "axis": "z", "origin": [6, 0, 7]},
			"faces": {
				"north": {"uv": [5, 10, 5.25, 11.25], "texture": "#0"},
				"east": {"uv": [10, 0, 11, 1.25], "texture": "#0"},
				"south": {"uv": [10, 5, 10.25, 6.25], "texture": "#0"},
				"west": {"uv": [10, 1.5, 11, 2.75], "texture": "#0"},
				"up": {"uv": [6.75, 11, 6.5, 10], "texture": "#0"},
				"down": {"uv": [10.25, 7, 10, 8], "texture": "#0"}
			}
		},
		{
			"from": [2, 1, 7.05],
			"to": [7, 1.5, 8.95],
			"rotation": {"angle": 0, "axis": "z", "origin": [2, 0, 7]},
			"faces": {
				"north": {"uv": [10, 4, 12.5, 4.25], "texture": "#0"},
				"east": {"uv": [5.5, 10, 6.5, 10.25], "texture": "#0"},
				"south": {"uv": [10, 4.5, 12.5, 4.75], "texture": "#0"},
				"west": {"uv": [10, 6.5, 11, 6.75], "texture": "#0"},
				"up": {"uv": [4.5, 10, 2, 9], "texture": "#0"},
				"down": {"uv": [7, 9, 4.5, 10], "texture": "#0"}
			}
		},
		{
			"from": [11, 0, 7],
			"to": [13, 4, 9],
			"rotation": {"angle": 0, "axis": "z", "origin": [11, 0, 7]},
			"faces": {
				"north": {"uv": [9, 5, 10, 7], "texture": "#0"},
				"east": {"uv": [7, 9, 8, 11], "texture": "#0"},
				"south": {"uv": [9, 7, 10, 9], "texture": "#0"},
				"west": {"uv": [9, 9, 10, 11], "texture": "#0"},
				"up": {"uv": [11, 4, 10, 3], "texture": "#0"},
				"down": {"uv": [5, 10, 4, 11], "texture": "#0"}
			}
		},
		{
			"from": [0, 0, 7],
			"to": [2, 6, 9],
			"rotation": {"angle": -22.5, "axis": "z", "origin": [0, 0, 7]},
			"faces": {
				"north": {"uv": [8, 5, 9, 8], "texture": "#0"},
				"east": {"uv": [8, 8, 9, 11], "texture": "#0"},
				"south": {"uv": [0, 9, 1, 12], "texture": "#0"},
				"west": {"uv": [1, 9, 2, 12], "texture": "#0"},
				"up": {"uv": [3, 11, 2, 10], "texture": "#0"},
				"down": {"uv": [4, 10, 3, 11], "texture": "#0"}
			}
		}
	],
	"display": {
		"thirdperson_righthand": {
			"rotation": [0, 90, 0],
			"translation": [0, 4.5, -2]
		},
		"thirdperson_lefthand": {
			"rotation": [0, -90, 0],
			"translation": [0, 4.5, -2]
		},
		"firstperson_righthand": {
			"rotation": [0, 90, 0],
			"translation": [8.25, 4, 0]
		},
		"firstperson_lefthand": {
			"rotation": [0, -90, 0],
			"translation": [8.25, 4, 0]
		},
		"ground": {
			"rotation": [90, 0, 0],
			"translation": [0, 0, 0.75]
		},
		"gui": {
			"rotation": [0, 135, 15],
			"translation": [1, 3, 0]
		},
		"head": {
			"rotation": [0, 90, 0],
			"translation": [0, 0, -1.75]
		},
		"fixed": {
			"rotation": [0, 0, 15],
			"translation": [-1, 3, 0]
		}
	}
}