{
	"format_version": "1.9.0",
	"credit": "Made with Blockbench",
	"texture_size": [32, 32],
	"textures": {
		"0": "minigun",
		"particle": "minigun"
	},
	"elements": [
		{
			"from": [-2, 0, 4],
			"to": [5, 7, 12],
			"rotation": {"angle": 0, "axis": "y", "origin": [-2, 0, 7]},
			"faces": {
				"north": {"uv": [0, 3.5, 1.75, 5.25], "texture": "#0"},
				"east": {"uv": [0, 0, 2, 1.75], "texture": "#0"},
				"south": {"uv": [3.75, 0, 5.5, 1.75], "texture": "#0"},
				"west": {"uv": [0, 1.75, 2, 3.5], "texture": "#0"},
				"up": {"uv": [3.75, 2, 2, 0], "texture": "#0"},
				"down": {"uv": [3.75, 2, 2, 4], "texture": "#0"}
			}
		},
		{
			"from": [16, 0, 5],
			"to": [17, 6, 11],
			"rotation": {"angle": 0, "axis": "y", "origin": [11, 0, 7]},
			"faces": {
				"north": {"uv": [6.5, 6.25, 6.75, 7.75], "texture": "#0"},
				"east": {"uv": [3.75, 1.75, 5.25, 3.25], "texture": "#0"},
				"south": {"uv": [0, 6.75, 0.25, 8.25], "texture": "#0"},
				"west": {"uv": [3.75, 3.25, 5.25, 4.75], "texture": "#0"},
				"up": {"uv": [0.5, 8.25, 0.25, 6.75], "texture": "#0"},
				"down": {"uv": [0.75, 6.75, 0.5, 8.25], "texture": "#0"}
			}
		},
		{
			"from": [-1, 6, 10],
			"to": [0, 11, 11],
			"rotation": {"angle": 0, "axis": "y", "origin": [-6, 6, 7]},
			"faces": {
				"north": {"uv": [1.75, 6.75, 2, 8], "texture": "#0"},
				"east": {"uv": [2, 6.75, 2.25, 8], "texture": "#0"},
				"south": {"uv": [2.25, 6.75, 2.5, 8], "texture": "#0"},
				"west": {"uv": [2.5, 6.75, 2.75, 8], "texture": "#0"},
				"up": {"uv": [7, 6.5, 6.75, 6.25], "texture": "#0"},
				"down": {"uv": [7, 6.5, 6.75, 6.75], "texture": "#0"}
			}
		},
		{
			"from": [-1, 6, 5],
			"to": [0, 11, 6],
			"rotation": {"angle": 0, "axis": "y", "origin": [-6, 6, 2]},
			"faces": {
				"north": {"uv": [2.75, 6.75, 3, 8], "texture": "#0"},
				"east": {"uv": [3, 6.75, 3.25, 8], "texture": "#0"},
				"south": {"uv": [3.25, 6.75, 3.5, 8], "texture": "#0"},
				"west": {"uv": [3.5, 6.75, 3.75, 8], "texture": "#0"},
				"up": {"uv": [7, 7, 6.75, 6.75], "texture": "#0"},
				"down": {"uv": [4, 7, 3.75, 7.25], "texture": "#0"}
			}
		},
		{
			"from": [-1, 10, 6],
			"to": [0, 11, 10],
			"rotation": {"angle": 0, "axis": "y", "origin": [-6, 6, 2]},
			"faces": {
				"north": {"uv": [4, 7, 4.25, 7.25], "texture": "#0"},
				"east": {"uv": [0, 5.25, 1, 5.5], "texture": "#0"},
				"south": {"uv": [4.25, 7, 4.5, 7.25], "texture": "#0"},
				"west": {"uv": [3.75, 6.75, 4.75, 7], "texture": "#0"},
				"up": {"uv": [5, 7.75, 4.75, 6.75], "texture": "#0"},
				"down": {"uv": [5.25, 6.75, 5, 7.75], "texture": "#0"}
			}
		},
		{
			"from": [12, 0, 5],
			"to": [13, 6, 11],
			"rotation": {"angle": 0, "axis": "y", "origin": [7, 0, 7]},
			"faces": {
				"north": {"uv": [0.75, 6.75, 1, 8.25], "texture": "#0"},
				"east": {"uv": [1.75, 4, 3.25, 5.5], "texture": "#0"},
				"south": {"uv": [1, 6.75, 1.25, 8.25], "texture": "#0"},
				"west": {"uv": [3.25, 4.75, 4.75, 6.25], "texture": "#0"},
				"up": {"uv": [1.5, 8.25, 1.25, 6.75], "texture": "#0"},
				"down": {"uv": [1.75, 6.75, 1.5, 8.25], "texture": "#0"}
			}
		},
		{
			"from": [5, 4.5, 9.5],
			"to": [18, 5.5, 10.5],
			"rotation": {"angle": 0, "axis": "y", "origin": [4, 0, 7]},
			"faces": {
				"north": {"uv": [4.75, 4.75, 8, 5], "texture": "#0"},
				"east": {"uv": [1.75, 3.5, 2, 3.75], "texture": "#0"},
				"south": {"uv": [4.75, 5, 8, 5.25], "texture": "#0"},
				"west": {"uv": [1.75, 3.75, 2, 4], "texture": "#0"},
				"up": {"uv": [8.5, 2, 5.25, 1.75], "texture": "#0"},
				"down": {"uv": [8.5, 2, 5.25, 2.25], "texture": "#0"}
			}
		},
		{
			"from": [5, 4.5, 5.5],
			"to": [18, 5.5, 6.5],
			"rotation": {"angle": 0, "axis": "y", "origin": [4, 0, 4]},
			"faces": {
				"north": {"uv": [5.25, 2.25, 8.5, 2.5], "texture": "#0"},
				"east": {"uv": [3.25, 4, 3.5, 4.25], "texture": "#0"},
				"south": {"uv": [5.25, 2.5, 8.5, 2.75], "texture": "#0"},
				"west": {"uv": [3.5, 4, 3.75, 4.25], "texture": "#0"},
				"up": {"uv": [8.5, 3, 5.25, 2.75], "texture": "#0"},
				"down": {"uv": [8.5, 3, 5.25, 3.25], "texture": "#0"}
			}
		},
		{
			"from": [5, 2.5, 5.5],
			"to": [18, 3.5, 6.5],
			"rotation": {"angle": 0, "axis": "x", "origin": [4, 3, 8]},
			"faces": {
				"north": {"uv": [5.25, 3.25, 8.5, 3.5], "texture": "#0"},
				"east": {"uv": [3.25, 4.25, 3.5, 4.5], "texture": "#0"},
				"south": {"uv": [5.25, 3.5, 8.5, 3.75], "texture": "#0"},
				"west": {"uv": [3.5, 4.25, 3.75, 4.5], "texture": "#0"},
				"up": {"uv": [8.5, 4, 5.25, 3.75], "texture": "#0"},
				"down": {"uv": [8.5, 4, 5.25, 4.25], "texture": "#0"}
			}
		},
		{
			"from": [5, 2.5, 9.5],
			"to": [18, 3.5, 10.5],
			"rotation": {"angle": 0, "axis": "x", "origin": [4, 3, 8]},
			"faces": {
				"north": {"uv": [5.5, 1, 8.75, 1.25], "texture": "#0"},
				"east": {"uv": [1.5, 5.25, 1.75, 5.5], "texture": "#0"},
				"south": {"uv": [5.5, 1.25, 8.75, 1.5], "texture": "#0"},
				"west": {"uv": [5.25, 6.75, 5.5, 7], "texture": "#0"},
				"up": {"uv": [8.75, 1.75, 5.5, 1.5], "texture": "#0"},
				"down": {"uv": [8, 5.5, 4.75, 5.75], "texture": "#0"}
			}
		},
		{
			"from": [5, 4.5, 7.5],
			"to": [18, 5.5, 8.5],
			"rotation": {"angle": 0, "axis": "y", "origin": [4, 0, 6]},
			"faces": {
				"north": {"uv": [0, 6.25, 3.25, 6.5], "texture": "#0"},
				"east": {"uv": [6, 6.75, 6.25, 7], "texture": "#0"},
				"south": {"uv": [3.25, 6.25, 6.5, 6.5], "texture": "#0"},
				"west": {"uv": [6.25, 6.75, 6.5, 7], "texture": "#0"},
				"up": {"uv": [3.25, 6.75, 0, 6.5], "texture": "#0"},
				"down": {"uv": [6.5, 6.5, 3.25, 6.75], "texture": "#0"}
			}
		},
		{
			"from": [5, 0.5, 7.5],
			"to": [18, 1.5, 8.5],
			"rotation": {"angle": 0, "axis": "y", "origin": [4, -4, 6]},
			"faces": {
				"north": {"uv": [0, 5.75, 3.25, 6], "texture": "#0"},
				"east": {"uv": [5.5, 6.75, 5.75, 7], "texture": "#0"},
				"south": {"uv": [4.75, 5.75, 8, 6], "texture": "#0"},
				"west": {"uv": [5.75, 6.75, 6, 7], "texture": "#0"},
				"up": {"uv": [3.25, 6.25, 0, 6], "texture": "#0"},
				"down": {"uv": [8, 6, 4.75, 6.25], "texture": "#0"}
			}
		},
		{
			"from": [5, 0.5, 5.5],
			"to": [18, 1.5, 6.5],
			"rotation": {"angle": 0, "axis": "y", "origin": [4, -4, 4]},
			"faces": {
				"north": {"uv": [5.5, 0, 8.75, 0.25], "texture": "#0"},
				"east": {"uv": [1, 5.25, 1.25, 5.5], "texture": "#0"},
				"south": {"uv": [5.5, 0.25, 8.75, 0.5], "texture": "#0"},
				"west": {"uv": [1.25, 5.25, 1.5, 5.5], "texture": "#0"},
				"up": {"uv": [8.75, 0.75, 5.5, 0.5], "texture": "#0"},
				"down": {"uv": [8.75, 0.75, 5.5, 1], "texture": "#0"}
			}
		},
		{
			"from": [5, 0.5, 9.5],
			"to": [18, 1.5, 10.5],
			"rotation": {"angle": 0, "axis": "y", "origin": [4, -4, 7]},
			"faces": {
				"north": {"uv": [5.25, 4.25, 8.5, 4.5], "texture": "#0"},
				"east": {"uv": [3.25, 4.5, 3.5, 4.75], "texture": "#0"},
				"south": {"uv": [5.25, 4.5, 8.5, 4.75], "texture": "#0"},
				"west": {"uv": [3.5, 4.5, 3.75, 4.75], "texture": "#0"},
				"up": {"uv": [8, 5.5, 4.75, 5.25], "texture": "#0"},
				"down": {"uv": [3.25, 5.5, 0, 5.75], "texture": "#0"}
			}
		}
	],
	"display": {
		"thirdperson_righthand": {
			"rotation": [0, 90, 0],
			"translation": [0, -4, -7]
		},
		"thirdperson_lefthand": {
			"rotation": [0, -90, 0],
			"translation": [0, -4, -7]
		},
		"firstperson_righthand": {
			"rotation": [0, 83, 0],
			"translation": [8.5, 2.25, 0]
		},
		"firstperson_lefthand": {
			"rotation": [0, -98, 0],
			"translation": [8.5, 2.25, 0]
		},
		"ground": {
			"rotation": [90, -90, 0],
			"translation": [0, -7, 1]
		},
		"gui": {
			"rotation": [0, 135, 15],
			"translation": [1, 4, 0]
		},
		"head": {
			"rotation": [0, 90, 0],
			"translation": [-9.25, 4.5, -6.75]
		},
		"fixed": {
			"rotation": [0, 0, 15],
			"translation": [-1, 4, 0]
		}
	},
	"groups": [
		{
			"name": "minigun",
			"origin": [8, 8, 8],
			"color": 0,
			"children": [0, 1, 2, 3, 4, 5, 6, 7, 8, 9, 10, 11, 12, 13]
		}
	]
}