{
	"credit": "Made with Blockbench",
	"texture_size": [64, 64],
	"textures": {
		"0": "block/miscellaneous_icon",
		"particle": "block/miscellaneous_icon"
	},
	"elements": [
		{
			"from": [0, 0, 7],
			"to": [16, 16, 9],
			"rotation": {"angle": 0, "axis": "y", "origin": [0, 0, 7]},
			"faces": {
				"north": {"uv": [0, 0, 4.5, 4.25], "texture": "#0"},
				"east": {"uv": [4.5, 1, 5, 5.25], "texture": "#0"},
				"south": {"uv": [0, 4.25, 4.5, 8.5], "texture": "#0"},
				"west": {"uv": [5, 1, 5.5, 5.25], "texture": "#0"},
				"up": {"uv": [9, 0.5, 4.5, 0], "texture": "#0"},
				"down": {"uv": [9, 0.5, 4.5, 1], "texture": "#0"}
			}
		}
	],
	"display": {
		"thirdperson_righthand": {
			"translation": [0, -2, 0],
			"scale": [0.5, 0.5, 0.5]
		},
		"thirdperson_lefthand": {
			"translation": [0, -2, 0],
			"scale": [0.5, 0.5, 0.5]
		},
		"firstperson_righthand": {
			"rotation": [0, 150, 0],
			"translation": [0, 2, 0],
			"scale": [0.5, 0.5, 0.5]
		},
		"firstperson_lefthand": {
			"rotation": [0, 150, 0],
			"translation": [0, 2, 0],
			"scale": [0.5, 0.5, 0.5]
		},
		"ground": {
			"rotation": [-90, 0, 180],
			"translation": [0, 1, -2],
			"scale": [0.5, 0.5, 0.5]
		},
		"gui": {
			"rotation": [0, 180, 0]
		},
		"head": {
			"translation": [0, -0.5, -5.5]
		}
	}
}