{
	"format_version": "1.9.0",
	"credit": "Made with Blockbench",
	"texture_size": [32, 32],
	"textures": {
		"0": "pistol",
		"particle": "pistol"
	},
	"elements": [
		{
			"from": [3, 0, 7.05],
			"to": [5, 5, 8.95],
			"rotation": {"angle": -22.5, "axis": "z", "origin": [4, 2, 8]},
			"faces": {
				"north": {"uv": [5, 2, 6, 4.5], "texture": "#0"},
				"east": {"uv": [5, 4.5, 6, 7], "texture": "#0"},
				"south": {"uv": [0, 6, 1, 8.5], "texture": "#0"},
				"west": {"uv": [1, 6, 2, 8.5], "texture": "#0"},
				"up": {"uv": [7, 4, 6, 3], "texture": "#0"},
				"down": {"uv": [4.5, 6, 3.5, 7], "texture": "#0"}
			}
		},
		{
			"from": [5, 2, 7.1],
			"to": [8, 2.5, 8.9],
			"rotation": {"angle": 0, "axis": "z", "origin": [4, 2, 8]},
			"faces": {
				"north": {"uv": [4, 7, 5.5, 7.25], "texture": "#0"},
				"east": {"uv": [7, 4.5, 8, 4.75], "texture": "#0"},
				"south": {"uv": [7, 4, 8.5, 4.25], "texture": "#0"},
				"west": {"uv": [7, 5, 8, 5.25], "texture": "#0"},
				"up": {"uv": [3.5, 7, 2, 6], "texture": "#0"},
				"down": {"uv": [7.5, 2, 6, 3], "texture": "#0"}
			}
		},
		{
			"from": [7.5, 2.5, 7.1],
			"to": [8, 4, 8.9],
			"rotation": {"angle": 0, "axis": "z", "origin": [4, 3, 8]},
			"faces": {
				"north": {"uv": [5, 7.5, 5.25, 8.25], "texture": "#0"},
				"east": {"uv": [3, 7, 4, 7.75], "texture": "#0"},
				"south": {"uv": [6, 7.5, 6.25, 8.25], "texture": "#0"},
				"west": {"uv": [7, 3, 8, 3.75], "texture": "#0"},
				"up": {"uv": [4.75, 7, 4.5, 6], "texture": "#0"},
				"down": {"uv": [5.75, 7, 5.5, 8], "texture": "#0"}
			}
		},
		{
			"from": [3, 4, 7],
			"to": [13, 6, 9],
			"rotation": {"angle": 0, "axis": "y", "origin": [4, 2, 8]},
			"faces": {
				"north": {"uv": [0, 0, 5, 1], "texture": "#0"},
				"east": {"uv": [6, 4, 7, 5], "texture": "#0"},
				"south": {"uv": [0, 1, 5, 2], "texture": "#0"},
				"west": {"uv": [6, 5, 7, 6], "texture": "#0"},
				"up": {"uv": [5, 3, 0, 2], "texture": "#0"},
				"down": {"uv": [5, 3, 0, 4], "texture": "#0"}
			}
		},
		{
			"from": [4, 6, 7.25],
			"to": [4.5, 6.5, 8.75],
			"rotation": {"angle": 0, "axis": "y", "origin": [4, 2, 8]},
			"faces": {
				"north": {"uv": [7.5, 6, 7.75, 6.25], "texture": "#0"},
				"east": {"uv": [7, 5.5, 7.75, 5.75], "texture": "#0"},
				"south": {"uv": [6.5, 7.5, 6.75, 7.75], "texture": "#0"},
				"west": {"uv": [6, 7, 6.75, 7.25], "texture": "#0"},
				"up": {"uv": [7.25, 6.75, 7, 6], "texture": "#0"},
				"down": {"uv": [7.25, 7, 7, 7.75], "texture": "#0"}
			}
		},
		{
			"from": [11, 6, 7.25],
			"to": [11.5, 6.5, 8.75],
			"rotation": {"angle": 0, "axis": "y", "origin": [11, 2, 8]},
			"faces": {
				"north": {"uv": [7.5, 6.5, 7.75, 6.75], "texture": "#0"},
				"east": {"uv": [7.5, 2, 8.25, 2.25], "texture": "#0"},
				"south": {"uv": [7.5, 7, 7.75, 7.25], "texture": "#0"},
				"west": {"uv": [7.5, 2.5, 8.25, 2.75], "texture": "#0"},
				"up": {"uv": [4.25, 8.25, 4, 7.5], "texture": "#0"},
				"down": {"uv": [4.75, 7.5, 4.5, 8.25], "texture": "#0"}
			}
		},
		{
			"from": [2.9, 4.1, 6.9],
			"to": [12.9, 6.1, 9.1],
			"rotation": {"angle": 0, "axis": "y", "origin": [4, 2, 8]},
			"faces": {
				"north": {"uv": [0, 4, 5, 5], "texture": "#0"},
				"east": {"uv": [6, 6, 7, 7], "texture": "#0"},
				"south": {"uv": [0, 5, 5, 6], "texture": "#0"},
				"west": {"uv": [2, 7, 3, 8], "texture": "#0"},
				"up": {"uv": [10, 1, 5, 0], "texture": "#0"},
				"down": {"uv": [10, 1, 5, 2], "texture": "#0"}
			}
		}
	],
	"display": {
		"thirdperson_righthand": {
			"rotation": [0, 90, 0],
			"translation": [0, 4.25, -1.25]
		},
		"thirdperson_lefthand": {
			"rotation": [0, -90, 0],
			"translation": [0, 4.25, -1.25]
		},
		"firstperson_righthand": {
			"rotation": [0, 75, 0],
			"translation": [6.25, 7.5, 1.5]
		},
		"firstperson_lefthand": {
			"rotation": [0, -105, 0],
			"translation": [6.25, 7.5, 1.5]
		},
		"ground": {
			"rotation": [90, 0, 0],
			"translation": [0, 0.25, 3.5]
		},
		"gui": {
			"rotation": [0, 135, 15],
			"translation": [1, 4, 0]
		},
		"head": {
			"rotation": [0, 90, 0],
			"translation": [0, 0.75, -6.25]
		},
		"fixed": {
			"rotation": [0, 0, 15],
			"translation": [-1, 4, 0]
		}
	},
	"groups": [
		{
			"name": "pistol",
			"origin": [8, 8, 8],
			"color": 0,
			"children": [0, 1, 2, 3, 4, 5, 6]
		}
	]
}