{
	"credit": "Made with Blockbench",
	"texture_size": [64, 64],
	"textures": {
		"2": "block/quest_type_3",
		"particle": "block/quest_type_3"
	},
	"elements": [
		{
			"from": [0, 0, 7],
			"to": [16, 16, 9],
			"rotation": {"angle": 0, "axis": "y", "origin": [0, 0, 7]},
			"faces": {
				"north": {"uv": [0, 0, 4, 4], "texture": "#2"},
				"east": {"uv": [4, 0, 5, 4], "texture": "#2"},
				"south": {"uv": [0, 4, 4, 8], "texture": "#2"},
				"west": {"uv": [4, 4, 5, 8], "texture": "#2"},
				"up": {"uv": [9, 1, 5, 0], "texture": "#2"},
				"down": {"uv": [9, 1, 5, 2], "texture": "#2"}
			}
		}
	],
	"display": {
		"thirdperson_righthand": {
			"translation": [0, -2, 0],
			"scale": [0.5, 0.5, 0.5]
		},
		"thirdperson_lefthand": {
			"translation": [0, -2, 0],
			"scale": [0.5, 0.5, 0.5]
		},
		"firstperson_righthand": {
			"rotation": [0, 150, 0],
			"translation": [0, 2, 0],
			"scale": [0.5, 0.5, 0.5]
		},
		"firstperson_lefthand": {
			"rotation": [0, 150, 0],
			"translation": [0, 2, 0],
			"scale": [0.5, 0.5, 0.5]
		},
		"ground": {
			"rotation": [-90, 0, 180],
			"translation": [0, 1, -2],
			"scale": [0.5, 0.5, 0.5]
		},
		"gui": {
			"rotation": [0, 180, 0]
		},
		"head": {
			"translation": [0, -0.5, -5.5]
		}
	},
	"groups": [
		{
			"name": "area_icon",
			"origin": [8, 8, 8],
			"color": 0,
			"children": [0]
		}
	]
}