{
	"format_version": "1.9.0",
	"credit": "Made with Blockbench",
	"texture_size": [32, 32],
	"textures": {
		"0": "block/railgun",
		"particle": "block/railgun"
	},
	"elements": [
		{
			"from": [1, 2, 7],
			"to": [10, 5, 9],
			"rotation": {"angle": 0, "axis": "y", "origin": [6, 2, 7]},
			"faces": {
				"north": {"uv": [0, 0, 4.5, 1.5], "texture": "#0"},
				"east": {"uv": [4.5, 4, 5.5, 5.5], "texture": "#0"},
				"south": {"uv": [0, 1.5, 4.5, 3], "texture": "#0"},
				"west": {"uv": [0, 5, 1, 6.5], "texture": "#0"},
				"up": {"uv": [4.5, 4, 0, 3], "texture": "#0"},
				"down": {"uv": [4.5, 4, 0, 5], "texture": "#0"}
			}
		},
		{
			"from": [8, 5, 7.25],
			"to": [8.5, 5.5, 8.75],
			"rotation": {"angle": 0, "axis": "y", "origin": [6, 5, 7]},
			"faces": {
				"north": {"uv": [8, 9, 8.25, 9.25], "texture": "#0"},
				"east": {"uv": [6, 7.5, 6.75, 7.75], "texture": "#0"},
				"south": {"uv": [9, 8, 9.25, 8.25], "texture": "#0"},
				"west": {"uv": [7.5, 6, 8.25, 6.25], "texture": "#0"},
				"up": {"uv": [4.25, 8.25, 4, 7.5], "texture": "#0"},
				"down": {"uv": [7.25, 7.5, 7, 8.25], "texture": "#0"}
			}
		},
		{
			"from": [5, 0, 7.25],
			"to": [5.5, 3, 8.75],
			"rotation": {"angle": -22.5, "axis": "z", "origin": [5, 0, 7]},
			"faces": {
				"north": {"uv": [5.5, 7, 5.75, 8.5], "texture": "#0"},
				"east": {"uv": [5.5, 4, 6.25, 5.5], "texture": "#0"},
				"south": {"uv": [0, 7.5, 0.25, 9], "texture": "#0"},
				"west": {"uv": [5, 5.5, 5.75, 7], "texture": "#0"},
				"up": {"uv": [7.75, 8.25, 7.5, 7.5], "texture": "#0"},
				"down": {"uv": [0.75, 8, 0.5, 8.75], "texture": "#0"}
			}
		},
		{
			"from": [8, 0, 7.25],
			"to": [9.5, 2, 8.75],
			"rotation": {"angle": 0, "axis": "y", "origin": [9, 0, 7]},
			"faces": {
				"north": {"uv": [0, 6.5, 0.75, 7.5], "texture": "#0"},
				"east": {"uv": [2.5, 6.5, 3.25, 7.5], "texture": "#0"},
				"south": {"uv": [3.5, 6.5, 4.25, 7.5], "texture": "#0"},
				"west": {"uv": [6.5, 4, 7.25, 5], "texture": "#0"},
				"up": {"uv": [5.25, 7.75, 4.5, 7], "texture": "#0"},
				"down": {"uv": [7.75, 6.5, 7, 7.25], "texture": "#0"}
			}
		},
		{
			"from": [1, 2.5, 7.25],
			"to": [4.25, 3, 8.75],
			"rotation": {"angle": -45, "axis": "z", "origin": [1, 2, 7]},
			"faces": {
				"north": {"uv": [6.5, 5, 8.25, 5.25], "texture": "#0"},
				"east": {"uv": [1, 8, 1.75, 8.25], "texture": "#0"},
				"south": {"uv": [2, 7.5, 3.75, 7.75], "texture": "#0"},
				"west": {"uv": [2, 8, 2.75, 8.25], "texture": "#0"},
				"up": {"uv": [2.75, 5.75, 1, 5], "texture": "#0"},
				"down": {"uv": [4.75, 5.5, 3, 6.25], "texture": "#0"}
			}
		},
		{
			"from": [5.75, 1, 7.25],
			"to": [8, 1.5, 8.75],
			"rotation": {"angle": 0, "axis": "y", "origin": [7, 0, 7]},
			"faces": {
				"north": {"uv": [3, 5, 4.25, 5.25], "texture": "#0"},
				"east": {"uv": [3, 8, 3.75, 8.25], "texture": "#0"},
				"south": {"uv": [7.5, 4, 8.75, 4.25], "texture": "#0"},
				"west": {"uv": [4.5, 8, 5.25, 8.25], "texture": "#0"},
				"up": {"uv": [2.25, 6.75, 1, 6], "texture": "#0"},
				"down": {"uv": [7.25, 5.5, 6, 6.25], "texture": "#0"}
			}
		},
		{
			"from": [3.5, 0, 7.25],
			"to": [5.5, 0.5, 8.75],
			"rotation": {"angle": 0, "axis": "y", "origin": [5, -1, 7]},
			"faces": {
				"north": {"uv": [7.5, 4.5, 8.5, 4.75], "texture": "#0"},
				"east": {"uv": [6, 8, 6.75, 8.25], "texture": "#0"},
				"south": {"uv": [7.5, 5.5, 8.5, 5.75], "texture": "#0"},
				"west": {"uv": [8, 6.5, 8.75, 6.75], "texture": "#0"},
				"up": {"uv": [7, 7.25, 6, 6.5], "texture": "#0"},
				"down": {"uv": [2, 7, 1, 7.75], "texture": "#0"}
			}
		},
		{
			"from": [10, 4, 7.5],
			"to": [21, 5, 8.5],
			"rotation": {"angle": 0, "axis": "y", "origin": [10, 3, 7]},
			"faces": {
				"north": {"uv": [4.5, 0, 10, 0.5], "texture": "#0"},
				"east": {"uv": [2.5, 6, 3, 6.5], "texture": "#0"},
				"south": {"uv": [4.5, 0.5, 10, 1], "texture": "#0"},
				"west": {"uv": [4.5, 6.5, 5, 7], "texture": "#0"},
				"up": {"uv": [10, 1.5, 4.5, 1], "texture": "#0"},
				"down": {"uv": [10, 1.5, 4.5, 2], "texture": "#0"}
			}
		},
		{
			"from": [10, 2, 7.5],
			"to": [21, 3, 8.5],
			"rotation": {"angle": 0, "axis": "y", "origin": [10, 2, 7]},
			"faces": {
				"north": {"uv": [4.5, 2, 10, 2.5], "texture": "#0"},
				"east": {"uv": [2, 7, 2.5, 7.5], "texture": "#0"},
				"south": {"uv": [4.5, 2.5, 10, 3], "texture": "#0"},
				"west": {"uv": [0.5, 7.5, 1, 8], "texture": "#0"},
				"up": {"uv": [10, 3.5, 4.5, 3], "texture": "#0"},
				"down": {"uv": [10, 3.5, 4.5, 4], "texture": "#0"}
			}
		},
		{
			"from": [20, 3, 7.25],
			"to": [20.5, 4, 7.5],
			"rotation": {"angle": 0, "axis": "y", "origin": [19, 3, 7]},
			"faces": {
				"north": {"uv": [1.5, 8.5, 1.75, 9], "texture": "#0"},
				"east": {"uv": [2, 8.5, 2.25, 9], "texture": "#0"},
				"south": {"uv": [2.5, 8.5, 2.75, 9], "texture": "#0"},
				"west": {"uv": [3, 8.5, 3.25, 9], "texture": "#0"},
				"up": {"uv": [8.75, 9.25, 8.5, 9], "texture": "#0"},
				"down": {"uv": [9.25, 8.5, 9, 8.75], "texture": "#0"}
			}
		},
		{
			"from": [18, 3, 7.25],
			"to": [18.5, 4, 7.5],
			"rotation": {"angle": 0, "axis": "y", "origin": [17, 3, 7]},
			"faces": {
				"north": {"uv": [3.5, 8.5, 3.75, 9], "texture": "#0"},
				"east": {"uv": [4, 8.5, 4.25, 9], "texture": "#0"},
				"south": {"uv": [4.5, 8.5, 4.75, 9], "texture": "#0"},
				"west": {"uv": [8.5, 4.5, 8.75, 5], "texture": "#0"},
				"up": {"uv": [9.25, 9.25, 9, 9], "texture": "#0"},
				"down": {"uv": [0.25, 9.5, 0, 9.75], "texture": "#0"}
			}
		},
		{
			"from": [16, 3, 7.25],
			"to": [16.5, 4, 7.5],
			"rotation": {"angle": 0, "axis": "y", "origin": [15, 3, 7]},
			"faces": {
				"north": {"uv": [5, 8.5, 5.25, 9], "texture": "#0"},
				"east": {"uv": [8.5, 5, 8.75, 5.5], "texture": "#0"},
				"south": {"uv": [5.5, 8.5, 5.75, 9], "texture": "#0"},
				"west": {"uv": [8.5, 5.5, 8.75, 6], "texture": "#0"},
				"up": {"uv": [0.75, 9.75, 0.5, 9.5], "texture": "#0"},
				"down": {"uv": [1.25, 9.5, 1, 9.75], "texture": "#0"}
			}
		},
		{
			"from": [14, 3, 7.25],
			"to": [14.5, 4, 7.5],
			"rotation": {"angle": 0, "axis": "y", "origin": [13, 3, 7]},
			"faces": {
				"north": {"uv": [6, 8.5, 6.25, 9], "texture": "#0"},
				"east": {"uv": [8.5, 6, 8.75, 6.5], "texture": "#0"},
				"south": {"uv": [6.5, 8.5, 6.75, 9], "texture": "#0"},
				"west": {"uv": [7, 8.5, 7.25, 9], "texture": "#0"},
				"up": {"uv": [1.75, 9.75, 1.5, 9.5], "texture": "#0"},
				"down": {"uv": [2.25, 9.5, 2, 9.75], "texture": "#0"}
			}
		},
		{
			"from": [12, 3, 7.25],
			"to": [12.5, 4, 7.5],
			"rotation": {"angle": 0, "axis": "y", "origin": [11, 3, 7]},
			"faces": {
				"north": {"uv": [8.5, 7, 8.75, 7.5], "texture": "#0"},
				"east": {"uv": [7.5, 8.5, 7.75, 9], "texture": "#0"},
				"south": {"uv": [8.5, 7.5, 8.75, 8], "texture": "#0"},
				"west": {"uv": [8, 8.5, 8.25, 9], "texture": "#0"},
				"up": {"uv": [2.75, 9.75, 2.5, 9.5], "texture": "#0"},
				"down": {"uv": [3.25, 9.5, 3, 9.75], "texture": "#0"}
			}
		},
		{
			"from": [10, 3, 7.25],
			"to": [10.5, 4, 7.5],
			"rotation": {"angle": 0, "axis": "y", "origin": [9, 3, 7]},
			"faces": {
				"north": {"uv": [8.5, 8, 8.75, 8.5], "texture": "#0"},
				"east": {"uv": [8.5, 8.5, 8.75, 9], "texture": "#0"},
				"south": {"uv": [0, 9, 0.25, 9.5], "texture": "#0"},
				"west": {"uv": [0.5, 9, 0.75, 9.5], "texture": "#0"},
				"up": {"uv": [3.75, 9.75, 3.5, 9.5], "texture": "#0"},
				"down": {"uv": [4.25, 9.5, 4, 9.75], "texture": "#0"}
			}
		},
		{
			"from": [20, 3, 8.5],
			"to": [20.5, 4, 8.75],
			"rotation": {"angle": 0, "axis": "y", "origin": [19, 3, 8]},
			"faces": {
				"north": {"uv": [1, 9, 1.25, 9.5], "texture": "#0"},
				"east": {"uv": [1.5, 9, 1.75, 9.5], "texture": "#0"},
				"south": {"uv": [2, 9, 2.25, 9.5], "texture": "#0"},
				"west": {"uv": [2.5, 9, 2.75, 9.5], "texture": "#0"},
				"up": {"uv": [9.75, 4.25, 9.5, 4], "texture": "#0"},
				"down": {"uv": [4.75, 9.5, 4.5, 9.75], "texture": "#0"}
			}
		},
		{
			"from": [18, 3, 8.5],
			"to": [18.5, 4, 8.75],
			"rotation": {"angle": 0, "axis": "y", "origin": [17, 3, 8]},
			"faces": {
				"north": {"uv": [3, 9, 3.25, 9.5], "texture": "#0"},
				"east": {"uv": [3.5, 9, 3.75, 9.5], "texture": "#0"},
				"south": {"uv": [4, 9, 4.25, 9.5], "texture": "#0"},
				"west": {"uv": [9, 4, 9.25, 4.5], "texture": "#0"},
				"up": {"uv": [9.75, 4.75, 9.5, 4.5], "texture": "#0"},
				"down": {"uv": [5.25, 9.5, 5, 9.75], "texture": "#0"}
			}
		},
		{
			"from": [16, 3, 8.5],
			"to": [16.5, 4, 8.75],
			"rotation": {"angle": 0, "axis": "y", "origin": [15, 3, 8]},
			"faces": {
				"north": {"uv": [4.5, 9, 4.75, 9.5], "texture": "#0"},
				"east": {"uv": [9, 4.5, 9.25, 5], "texture": "#0"},
				"south": {"uv": [5, 9, 5.25, 9.5], "texture": "#0"},
				"west": {"uv": [9, 5, 9.25, 5.5], "texture": "#0"},
				"up": {"uv": [9.75, 5.25, 9.5, 5], "texture": "#0"},
				"down": {"uv": [5.75, 9.5, 5.5, 9.75], "texture": "#0"}
			}
		},
		{
			"from": [14, 3, 8.5],
			"to": [14.5, 4, 8.75],
			"rotation": {"angle": 0, "axis": "y", "origin": [13, 3, 8]},
			"faces": {
				"north": {"uv": [5.5, 9, 5.75, 9.5], "texture": "#0"},
				"east": {"uv": [9, 5.5, 9.25, 6], "texture": "#0"},
				"south": {"uv": [6, 9, 6.25, 9.5], "texture": "#0"},
				"west": {"uv": [9, 6, 9.25, 6.5], "texture": "#0"},
				"up": {"uv": [9.75, 5.75, 9.5, 5.5], "texture": "#0"},
				"down": {"uv": [6.25, 9.5, 6, 9.75], "texture": "#0"}
			}
		},
		{
			"from": [12, 3, 8.5],
			"to": [12.5, 4, 8.75],
			"rotation": {"angle": 0, "axis": "y", "origin": [11, 3, 8]},
			"faces": {
				"north": {"uv": [6.5, 9, 6.75, 9.5], "texture": "#0"},
				"east": {"uv": [9, 6.5, 9.25, 7], "texture": "#0"},
				"south": {"uv": [7, 9, 7.25, 9.5], "texture": "#0"},
				"west": {"uv": [9, 7, 9.25, 7.5], "texture": "#0"},
				"up": {"uv": [9.75, 6.25, 9.5, 6], "texture": "#0"},
				"down": {"uv": [6.75, 9.5, 6.5, 9.75], "texture": "#0"}
			}
		},
		{
			"from": [10, 3, 8.5],
			"to": [10.5, 4, 8.75],
			"rotation": {"angle": 0, "axis": "y", "origin": [9, 3, 8]},
			"faces": {
				"north": {"uv": [8, 7, 8.25, 7.5], "texture": "#0"},
				"east": {"uv": [8, 7.5, 8.25, 8], "texture": "#0"},
				"south": {"uv": [8, 8, 8.25, 8.5], "texture": "#0"},
				"west": {"uv": [1, 8.5, 1.25, 9], "texture": "#0"},
				"up": {"uv": [7.75, 9.25, 7.5, 9], "texture": "#0"},
				"down": {"uv": [9.25, 7.5, 9, 7.75], "texture": "#0"}
			}
		}
	],
	"display": {
		"thirdperson_righthand": {
			"rotation": [0, 90, 0],
			"translation": [0, 6.25, -0.5]
		},
		"thirdperson_lefthand": {
			"rotation": [0, -90, 0],
			"translation": [0, 6.25, -0.5]
		},
		"firstperson_righthand": {
			"rotation": [0, 75, 0],
			"translation": [6.25, 7.5, 1.5]
		},
		"firstperson_lefthand": {
			"rotation": [0, -105, 0],
			"translation": [6.25, 7.5, 1.5]
		},
		"ground": {
			"rotation": [90, 0, 0],
			"translation": [-2, 0.5, 3.75]
		},
		"gui": {
			"rotation": [-180, 45, -165],
			"translation": [3.75, 4, 0]
		},
		"head": {
			"rotation": [21, 90, 0],
			"translation": [0, 8.25, 0]
		},
		"fixed": {
			"rotation": [0, 0, 15],
			"translation": [-5.75, 4, 0]
		}
	},
	"groups": [
		{
			"name": "sniper",
			"origin": [8, 8, 8],
			"color": 0,
			"children": [
				{
					"name": "sniper",
					"origin": [8, 8, 8],
					"color": 0,
					"children": [
						{
							"name": "rifle",
							"origin": [8, 8, 8],
							"color": 0,
							"children": [0, 1, 2, 3, 4, 5, 6, 7, 8, 9, 10, 11, 12, 13, 14, 15, 16, 17, 18, 19, 20]
						}
					]
				}
			]
		}
	]
}