{
	"format_version": "1.21.6",
	"credit": "Made with Blockbench",
	"texture_size": [32, 32],
	"textures": {
		"0": "ray_of_doom_sphere",
		"particle": "ray_of_doom_sphere"
	},
	"elements": [
		{
			"from": [5, 0, 5],
			"to": [11, 1, 11],
			"rotation": {"angle": 0, "axis": "y", "origin": [5, 0, 5]},
			"faces": {
				"north": {"uv": [5, 4.5, 6.5, 4.75], "texture": "#0"},
				"east": {"uv": [5, 4.75, 6.5, 5], "texture": "#0"},
				"south": {"uv": [7.5, 2, 9, 2.25], "texture": "#0"},
				"west": {"uv": [7.5, 2.25, 9, 2.5], "texture": "#0"},
				"up": {"uv": [10, 8, 8.5, 6.5], "texture": "#0"},
				"down": {"uv": [10, 8, 8.5, 9.5], "texture": "#0"}
			}
		},
		{
			"from": [4, 12, 4],
			"to": [12, 13, 12],
			"rotation": {"angle": 0, "axis": "x", "origin": [5, 12, 5]},
			"faces": {
				"north": {"uv": [2, 10.5, 4, 10.75], "texture": "#0"},
				"east": {"uv": [10.5, 2, 12.5, 2.25], "texture": "#0"},
				"south": {"uv": [10.5, 2.25, 12.5, 2.5], "texture": "#0"},
				"west": {"uv": [10.5, 2.5, 12.5, 2.75], "texture": "#0"},
				"up": {"uv": [8.5, 8.5, 6.5, 6.5], "texture": "#0"},
				"down": {"uv": [4.5, 7, 2.5, 9], "texture": "#0"}
			}
		},
		{
			"from": [5, 13, 5],
			"to": [11, 14, 11],
			"rotation": {"angle": 0, "axis": "x", "origin": [5, 13, 5]},
			"faces": {
				"north": {"uv": [2, 10.75, 3.5, 11], "texture": "#0"},
				"east": {"uv": [10.75, 4.5, 12.25, 4.75], "texture": "#0"},
				"south": {"uv": [10.75, 4.75, 12.25, 5], "texture": "#0"},
				"west": {"uv": [10.75, 5, 12.25, 5.25], "texture": "#0"},
				"up": {"uv": [5, 10.5, 3.5, 9], "texture": "#0"},
				"down": {"uv": [6.5, 9, 5, 10.5], "texture": "#0"}
			}
		},
		{
			"from": [5, 4, 1],
			"to": [11, 10, 2],
			"rotation": {"angle": 0, "axis": "x", "origin": [5, 10, 1]},
			"faces": {
				"north": {"uv": [2, 9, 3.5, 10.5], "texture": "#0"},
				"east": {"uv": [2, 7.5, 2.25, 9], "texture": "#0"},
				"south": {"uv": [9, 2, 10.5, 3.5], "texture": "#0"},
				"west": {"uv": [2.25, 7.5, 2.5, 9], "texture": "#0"},
				"up": {"uv": [12, 3.5, 10.5, 3.25], "texture": "#0"},
				"down": {"uv": [7.75, 10.5, 6.25, 10.75], "texture": "#0"}
			}
		},
		{
			"from": [4, 1, 4],
			"to": [12, 2, 12],
			"rotation": {"angle": 0, "axis": "y", "origin": [5, 1, 5]},
			"faces": {
				"north": {"uv": [9, 3.5, 11, 3.75], "texture": "#0"},
				"east": {"uv": [9, 3.75, 11, 4], "texture": "#0"},
				"south": {"uv": [9, 4, 11, 4.25], "texture": "#0"},
				"west": {"uv": [9, 4.25, 11, 4.5], "texture": "#0"},
				"up": {"uv": [4.5, 7, 2.5, 5], "texture": "#0"},
				"down": {"uv": [7, 2.5, 5, 4.5], "texture": "#0"}
			}
		},
		{
			"from": [4, 3, 2],
			"to": [12, 11, 3],
			"rotation": {"angle": 0, "axis": "x", "origin": [5, 10, 2]},
			"faces": {
				"north": {"uv": [4.5, 5, 6.5, 7], "texture": "#0"},
				"east": {"uv": [1.5, 9.5, 1.75, 11.5], "texture": "#0"},
				"south": {"uv": [6.5, 4.5, 8.5, 6.5], "texture": "#0"},
				"west": {"uv": [1.75, 9.5, 2, 11.5], "texture": "#0"},
				"up": {"uv": [11.5, 1.75, 9.5, 1.5], "texture": "#0"},
				"down": {"uv": [11.5, 1.75, 9.5, 2], "texture": "#0"}
			}
		},
		{
			"from": [5, 4, 14],
			"to": [11, 10, 15],
			"rotation": {"angle": 0, "axis": "y", "origin": [5, 10, 14]},
			"faces": {
				"north": {"uv": [0, 9.5, 1.5, 11], "texture": "#0"},
				"east": {"uv": [7.75, 10.5, 8, 12], "texture": "#0"},
				"south": {"uv": [9.5, 0, 11, 1.5], "texture": "#0"},
				"west": {"uv": [8, 10.5, 8.25, 12], "texture": "#0"},
				"up": {"uv": [12.25, 5.5, 10.75, 5.25], "texture": "#0"},
				"down": {"uv": [12.25, 5.5, 10.75, 5.75], "texture": "#0"}
			}
		},
		{
			"from": [4, 3, 13],
			"to": [12, 11, 14],
			"rotation": {"angle": 0, "axis": "y", "origin": [5, 10, 13]},
			"faces": {
				"north": {"uv": [7, 2.5, 9, 4.5], "texture": "#0"},
				"east": {"uv": [4, 10.5, 4.25, 12.5], "texture": "#0"},
				"south": {"uv": [4.5, 7, 6.5, 9], "texture": "#0"},
				"west": {"uv": [4.25, 10.5, 4.5, 12.5], "texture": "#0"},
				"up": {"uv": [12.5, 3, 10.5, 2.75], "texture": "#0"},
				"down": {"uv": [12.5, 3, 10.5, 3.25], "texture": "#0"}
			}
		},
		{
			"from": [2, 3, 4],
			"to": [3, 11, 12],
			"rotation": {"angle": 0, "axis": "y", "origin": [3, 10, 5]},
			"faces": {
				"north": {"uv": [4.5, 10.5, 4.75, 12.5], "texture": "#0"},
				"east": {"uv": [0, 7.5, 2, 9.5], "texture": "#0"},
				"south": {"uv": [10.5, 4.5, 10.75, 6.5], "texture": "#0"},
				"west": {"uv": [7.5, 0, 9.5, 2], "texture": "#0"},
				"up": {"uv": [5, 12.5, 4.75, 10.5], "texture": "#0"},
				"down": {"uv": [5.25, 10.5, 5, 12.5], "texture": "#0"}
			}
		},
		{
			"from": [1, 4, 5],
			"to": [2, 10, 11],
			"rotation": {"angle": 0, "axis": "y", "origin": [2, 10, 5]},
			"faces": {
				"north": {"uv": [8.25, 10.5, 8.5, 12], "texture": "#0"},
				"east": {"uv": [8.5, 9.5, 10, 11], "texture": "#0"},
				"south": {"uv": [3.5, 10.75, 3.75, 12.25], "texture": "#0"},
				"west": {"uv": [10, 6.5, 11.5, 8], "texture": "#0"},
				"up": {"uv": [4, 12.25, 3.75, 10.75], "texture": "#0"},
				"down": {"uv": [6.5, 10.75, 6.25, 12.25], "texture": "#0"}
			}
		},
		{
			"from": [13, 3, 4],
			"to": [14, 11, 12],
			"rotation": {"angle": 0, "axis": "y", "origin": [14, 10, 5]},
			"faces": {
				"north": {"uv": [5.25, 10.5, 5.5, 12.5], "texture": "#0"},
				"east": {"uv": [8.5, 4.5, 10.5, 6.5], "texture": "#0"},
				"south": {"uv": [5.5, 10.5, 5.75, 12.5], "texture": "#0"},
				"west": {"uv": [6.5, 8.5, 8.5, 10.5], "texture": "#0"},
				"up": {"uv": [6, 12.5, 5.75, 10.5], "texture": "#0"},
				"down": {"uv": [6.25, 10.5, 6, 12.5], "texture": "#0"}
			}
		},
		{
			"from": [14, 4, 5],
			"to": [15, 10, 11],
			"rotation": {"angle": 0, "axis": "y", "origin": [15, 10, 5]},
			"faces": {
				"north": {"uv": [6.5, 10.75, 6.75, 12.25], "texture": "#0"},
				"east": {"uv": [10, 8, 11.5, 9.5], "texture": "#0"},
				"south": {"uv": [6.75, 10.75, 7, 12.25], "texture": "#0"},
				"west": {"uv": [10, 9.5, 11.5, 11], "texture": "#0"},
				"up": {"uv": [7.25, 12.25, 7, 10.75], "texture": "#0"},
				"down": {"uv": [7.5, 10.75, 7.25, 12.25], "texture": "#0"}
			}
		},
		{
			"from": [3, 2, 3],
			"to": [13, 12, 13],
			"rotation": {"angle": 0, "axis": "y", "origin": [5, 2, 5]},
			"faces": {
				"north": {"uv": [0, 0, 2.5, 2.5], "texture": "#0"},
				"east": {"uv": [0, 2.5, 2.5, 5], "texture": "#0"},
				"south": {"uv": [2.5, 0, 5, 2.5], "texture": "#0"},
				"west": {"uv": [2.5, 2.5, 5, 5], "texture": "#0"},
				"up": {"uv": [2.5, 7.5, 0, 5], "texture": "#0"},
				"down": {"uv": [7.5, 0, 5, 2.5], "texture": "#0"}
			}
		}
	],
	"display": {
		"thirdperson_righthand": {
			"rotation": [0, 90, 0],
			"translation": [0, 1.25, 0],
			"scale": [0.5, 0.5, 0.5]
		},
		"thirdperson_lefthand": {
			"rotation": [0, -90, 0],
			"translation": [0, 1.25, 0],
			"scale": [0.5, 0.5, 0.5]
		},
		"firstperson_righthand": {
			"rotation": [0, -128, 0],
			"translation": [0, 6.25, 0],
			"scale": [0.75, 0.75, 0.75]
		},
		"firstperson_lefthand": {
			"rotation": [0, 52, 0],
			"translation": [0, 6.25, 0],
			"scale": [0.75, 0.75, 0.75]
		},
		"ground": {
			"rotation": [0, 0, -90],
			"translation": [0.75, 1.25, -3.5],
			"scale": [0.75, 0.75, 0.75]
		},
		"gui": {
			"rotation": [-20, -128, 0],
			"translation": [0, 1, 0]
		},
		"head": {
			"rotation": [0, 90, 0],
			"translation": [0, 1, 0],
			"scale": [2, 2, 2]
		},
		"fixed": {
			"rotation": [0, 90, 0],
			"translation": [0, 1, 0]
		}
	},
	"groups": [
		{
			"name": "ray_of_doom_sphere",
			"origin": [8, 8, 8],
			"color": 0,
			"children": [
				{
					"name": "ray_of_doom_sphere",
					"origin": [8, 8, 8],
					"color": 0,
					"children": [0, 1, 2, 3, 4, 5, 6, 7, 8, 9, 10, 11, 12]
				}
			]
		}
	]
}