{
	"format_version": "1.9.0",
	"credit": "Made with Blockbench",
	"texture_size": [32, 32],
	"textures": {
		"0": "block/ray_of_doom",
		"particle": "block/ray_of_doom"
	},
	"elements": [
		{
			"from": [7, 0, 5],
			"to": [9, 10, 11],
			"rotation": {"angle": 0, "axis": "y", "origin": [7, 0, 7]},
			"faces": {
				"north": {"uv": [0, 5, 1, 10], "texture": "#0"},
				"east": {"uv": [0, 0, 3, 5], "texture": "#0"},
				"south": {"uv": [1, 5, 2, 10], "texture": "#0"},
				"west": {"uv": [3, 0, 6, 5], "texture": "#0"},
				"up": {"uv": [7, 3, 6, 0], "texture": "#0"},
				"down": {"uv": [7, 3, 6, 6], "texture": "#0"}
			}
		},
		{
			"from": [9, 5, 6],
			"to": [10, 9, 10],
			"rotation": {"angle": 0, "axis": "y", "origin": [7, 0, 7]},
			"faces": {
				"north": {"uv": [6, 6, 6.5, 8], "texture": "#0"},
				"east": {"uv": [2, 5, 4, 7], "texture": "#0"},
				"south": {"uv": [6.5, 6, 7, 8], "texture": "#0"},
				"west": {"uv": [4, 5, 6, 7], "texture": "#0"},
				"up": {"uv": [7.5, 2, 7, 0], "texture": "#0"},
				"down": {"uv": [2.5, 7, 2, 9], "texture": "#0"}
			}
		},
		{
			"from": [7.5, 10, 7.5],
			"to": [8.5, 12, 8.5],
			"rotation": {"angle": 0, "axis": "y", "origin": [7, 0, 8]},
			"faces": {
				"north": {"uv": [7, 5, 7.5, 6], "texture": "#0"},
				"east": {"uv": [5.5, 7, 6, 8], "texture": "#0"},
				"south": {"uv": [7, 6, 7.5, 7], "texture": "#0"},
				"west": {"uv": [7, 7, 7.5, 8], "texture": "#0"},
				"up": {"uv": [8, 0.5, 7.5, 0], "texture": "#0"},
				"down": {"uv": [8, 0.5, 7.5, 1], "texture": "#0"}
			}
		},
		{
			"from": [7, 12, 7],
			"to": [9, 14, 9],
			"rotation": {"angle": 0, "axis": "y", "origin": [6, 2, 7]},
			"faces": {
				"north": {"uv": [7, 2, 8, 3], "texture": "#0"},
				"east": {"uv": [2.5, 7, 3.5, 8], "texture": "#0"},
				"south": {"uv": [7, 3, 8, 4], "texture": "#0"},
				"west": {"uv": [3.5, 7, 4.5, 8], "texture": "#0"},
				"up": {"uv": [8, 5, 7, 4], "texture": "#0"},
				"down": {"uv": [5.5, 7, 4.5, 8], "texture": "#0"}
			}
		}
	],
	"display": {
		"thirdperson_righthand": {
			"rotation": [0, -90, 0],
			"translation": [-1, 3.25, 1],
			"scale": [0.75, 0.75, 0.75]
		},
		"thirdperson_lefthand": {
			"rotation": [0, 90, 0],
			"translation": [-1, 3.25, 1],
			"scale": [0.75, 0.75, 0.75]
		},
		"firstperson_righthand": {
			"rotation": [0, -128, 0],
			"translation": [0, 5.25, 0]
		},
		"firstperson_lefthand": {
			"rotation": [0, 52, 0],
			"translation": [0, 5.25, 0]
		},
		"ground": {
			"rotation": [0, 0, -90],
			"translation": [2.25, 0.5, -0.25],
			"scale": [0.75, 0.75, 0.75]
		},
		"gui": {
			"rotation": [-180, -116, -165.25],
			"translation": [0, 1, 0]
		},
		"head": {
			"rotation": [0, 90, 0],
			"translation": [0, 4.25, 0]
		},
		"fixed": {
			"rotation": [0, 90, 0]
		}
	},
	"groups": [
		{
			"name": "ray_of_doom",
			"origin": [8, 8, 8],
			"color": 0,
			"children": [
				{
					"name": "ray_of_doom",
					"origin": [8, 8, 8],
					"color": 0,
					"children": [0, 1, 2, 3]
				}
			]
		}
	]
}
