{
	"format_version": "1.9.0",
	"credit": "Made with Blockbench",
	"texture_size": [32, 32],
	"textures": {
		"0": "block/rifle",
		"particle": "block/rifle"
	},
	"elements": [
		{
			"from": [0, 0, 7],
			"to": [5, 3, 9],
			"rotation": {"angle": 0, "axis": "y", "origin": [0, 0, 7]},
			"faces": {
				"north": {"uv": [0, 4, 2.5, 5.5], "texture": "#0"},
				"east": {"uv": [0, 6.5, 1, 8], "texture": "#0"},
				"south": {"uv": [4, 0, 6.5, 1.5], "texture": "#0"},
				"west": {"uv": [6.5, 0, 7.5, 1.5], "texture": "#0"},
				"up": {"uv": [6.5, 4, 4, 3], "texture": "#0"},
				"down": {"uv": [5, 4.5, 2.5, 5.5], "texture": "#0"}
			}
		},
		{
			"from": [6, 2, 7],
			"to": [14, 4, 9],
			"rotation": {"angle": 0, "axis": "y", "origin": [6, 2, 7]},
			"faces": {
				"north": {"uv": [0, 0, 4, 1], "texture": "#0"},
				"east": {"uv": [1, 7, 2, 8], "texture": "#0"},
				"south": {"uv": [0, 1, 4, 2], "texture": "#0"},
				"west": {"uv": [2, 7, 3, 8], "texture": "#0"},
				"up": {"uv": [4, 3, 0, 2], "texture": "#0"},
				"down": {"uv": [4, 3, 0, 4], "texture": "#0"}
			}
		},
		{
			"from": [8, 4, 7.5],
			"to": [8.5, 4.5, 8.5],
			"rotation": {"angle": 0, "axis": "y", "origin": [6, 4, 7]},
			"faces": {
				"north": {"uv": [6.5, 8, 6.75, 8.25], "texture": "#0"},
				"east": {"uv": [5, 8, 5.5, 8.25], "texture": "#0"},
				"south": {"uv": [8, 7, 8.25, 7.25], "texture": "#0"},
				"west": {"uv": [8, 5, 8.5, 5.25], "texture": "#0"},
				"up": {"uv": [5.75, 8.5, 5.5, 8], "texture": "#0"},
				"down": {"uv": [8.25, 5.5, 8, 6], "texture": "#0"}
			}
		},
		{
			"from": [8, 1, 7],
			"to": [8.5, 2, 9],
			"rotation": {"angle": 0, "axis": "y", "origin": [8, 0, 7]},
			"faces": {
				"north": {"uv": [6, 8, 6.25, 8.5], "texture": "#0"},
				"east": {"uv": [7.5, 0.5, 8.5, 1], "texture": "#0"},
				"south": {"uv": [8, 6, 8.25, 6.5], "texture": "#0"},
				"west": {"uv": [7.5, 1, 8.5, 1.5], "texture": "#0"},
				"up": {"uv": [7.25, 8.5, 7, 7.5], "texture": "#0"},
				"down": {"uv": [7.75, 7.5, 7.5, 8.5], "texture": "#0"}
			}
		},
		{
			"from": [10, 1, 7],
			"to": [10.5, 2, 9],
			"rotation": {"angle": 0, "axis": "y", "origin": [11, 0, 7]},
			"faces": {
				"north": {"uv": [8, 4, 8.25, 4.5], "texture": "#0"},
				"east": {"uv": [7, 7, 8, 7.5], "texture": "#0"},
				"south": {"uv": [8, 4.5, 8.25, 5], "texture": "#0"},
				"west": {"uv": [7.5, 0, 8.5, 0.5], "texture": "#0"},
				"up": {"uv": [7.75, 5.5, 7.5, 4.5], "texture": "#0"},
				"down": {"uv": [7.75, 5.5, 7.5, 6.5], "texture": "#0"}
			}
		},
		{
			"from": [8.5, 1, 7],
			"to": [10, 1.5, 9],
			"rotation": {"angle": 0, "axis": "y", "origin": [9, 0, 7]},
			"faces": {
				"north": {"uv": [3, 8, 3.75, 8.25], "texture": "#0"},
				"east": {"uv": [0, 8, 1, 8.25], "texture": "#0"},
				"south": {"uv": [4, 8, 4.75, 8.25], "texture": "#0"},
				"west": {"uv": [1, 8, 2, 8.25], "texture": "#0"},
				"up": {"uv": [5.75, 8, 5, 7], "texture": "#0"},
				"down": {"uv": [6.75, 7, 6, 8], "texture": "#0"}
			}
		},
		{
			"from": [14, 3, 7.5],
			"to": [25, 4, 8.5],
			"rotation": {"angle": 0, "axis": "y", "origin": [14, 2, 7]},
			"faces": {
				"north": {"uv": [4, 1.5, 9.5, 2], "texture": "#0"},
				"east": {"uv": [2, 8, 2.5, 8.5], "texture": "#0"},
				"south": {"uv": [4, 2, 9.5, 2.5], "texture": "#0"},
				"west": {"uv": [2.5, 8, 3, 8.5], "texture": "#0"},
				"up": {"uv": [8, 4.5, 2.5, 4], "texture": "#0"},
				"down": {"uv": [9.5, 2.5, 4, 3], "texture": "#0"}
			}
		},
		{
			"from": [14, 2.5, 7.75],
			"to": [25, 3, 8.25],
			"rotation": {"angle": 0, "axis": "y", "origin": [14, 2, 7]},
			"faces": {
				"north": {"uv": [1, 6.5, 6.5, 6.75], "texture": "#0"},
				"east": {"uv": [8, 7.5, 8.25, 7.75], "texture": "#0"},
				"south": {"uv": [6.5, 3, 12, 3.25], "texture": "#0"},
				"west": {"uv": [8, 8, 8.25, 8.25], "texture": "#0"},
				"up": {"uv": [12, 3.75, 6.5, 3.5], "texture": "#0"},
				"down": {"uv": [12, 6.5, 6.5, 6.75], "texture": "#0"}
			}
		},
		{
			"from": [3, 0.5, 7.05],
			"to": [8, 2.5, 8.95],
			"rotation": {"angle": 22.5, "axis": "z", "origin": [4.5, 1.5, 8]},
			"faces": {
				"north": {"uv": [5, 4.5, 7.5, 5.5], "texture": "#0"},
				"east": {"uv": [3, 7, 4, 8], "texture": "#0"},
				"south": {"uv": [0, 5.5, 2.5, 6.5], "texture": "#0"},
				"west": {"uv": [4, 7, 5, 8], "texture": "#0"},
				"up": {"uv": [5, 6.5, 2.5, 5.5], "texture": "#0"},
				"down": {"uv": [7.5, 5.5, 5, 6.5], "texture": "#0"}
			}
		}
	],
	"display": {
		"thirdperson_righthand": {
			"rotation": [0, 90, 0],
			"translation": [0, 6.5, 2]
		},
		"thirdperson_lefthand": {
			"rotation": [0, -90, 0],
			"translation": [0, 6.5, 2]
		},
		"firstperson_righthand": {
			"rotation": [0, 75, 0],
			"translation": [6.25, 7.5, 1.5]
		},
		"firstperson_lefthand": {
			"rotation": [0, -105, 0],
			"translation": [6.25, 7.5, 1.5]
		},
		"ground": {
			"rotation": [90, 0, 0],
			"translation": [-2, 0.5, 3.75]
		},
		"gui": {
			"rotation": [-180, 45, -165],
			"translation": [3.75, 4, 0]
		},
		"head": {
			"rotation": [21, 90, 0],
			"translation": [0, 8.25, 0]
		},
		"fixed": {
			"rotation": [0, 0, 15],
			"translation": [-5.75, 4, 0]
		}
	},
	"groups": [
		{
			"name": "sniper",
			"origin": [8, 8, 8],
			"color": 0,
			"children": [
				{
					"name": "sniper",
					"origin": [8, 8, 8],
					"color": 0,
					"children": [
						{
							"name": "rifle",
							"origin": [8, 8, 8],
							"color": 0,
							"children": [0, 1, 2, 3, 4, 5, 6, 7, 8]
						}
					]
				}
			]
		}
	]
}