{
	"credit": "Made with Blockbench",
	"texture_size": [32, 32],
	"textures": {
		"0": "block/rifle",
		"particle": "block/rifle"
	},
	"elements": [
		{
			"from": [0, 0, 7],
			"to": [5, 3, 9],
			"rotation": {"angle": 0, "axis": "y", "origin": [0, 0, 7]},
			"faces": {
				"north": {"uv": [0, 4, 2.5, 5.5], "texture": "#0"},
				"east": {"uv": [5, 7.5, 6, 9], "texture": "#0"},
				"south": {"uv": [4, 0, 6.5, 1.5], "texture": "#0"},
				"west": {"uv": [6, 7.5, 7, 9], "texture": "#0"},
				"up": {"uv": [9, 1, 6.5, 0], "texture": "#0"},
				"down": {"uv": [9, 4, 6.5, 5], "texture": "#0"}
			}
		},
		{
			"from": [6, 2, 7],
			"to": [14, 4, 9],
			"rotation": {"angle": 0, "axis": "y", "origin": [6, 2, 7]},
			"faces": {
				"north": {"uv": [0, 0, 4, 1], "texture": "#0"},
				"east": {"uv": [8, 1, 9, 2], "texture": "#0"},
				"south": {"uv": [0, 1, 4, 2], "texture": "#0"},
				"west": {"uv": [1.5, 8, 2.5, 9], "texture": "#0"},
				"up": {"uv": [4, 3, 0, 2], "texture": "#0"},
				"down": {"uv": [4, 3, 0, 4], "texture": "#0"}
			}
		},
		{
			"from": [8, 0, 7],
			"to": [8.5, 2, 9],
			"rotation": {"angle": 0, "axis": "y", "origin": [8, 0, 7]},
			"faces": {
				"north": {"uv": [9, 2, 9.25, 3], "texture": "#0"},
				"east": {"uv": [3.5, 8, 4.5, 9], "texture": "#0"},
				"south": {"uv": [2.5, 9, 2.75, 10], "texture": "#0"},
				"west": {"uv": [8, 6.5, 9, 7.5], "texture": "#0"},
				"up": {"uv": [3.25, 10, 3, 9], "texture": "#0"},
				"down": {"uv": [3.75, 9, 3.5, 10], "texture": "#0"}
			}
		},
		{
			"from": [11, 0, 7],
			"to": [11.5, 2, 9],
			"rotation": {"angle": 0, "axis": "y", "origin": [11, 0, 7]},
			"faces": {
				"north": {"uv": [4, 9, 4.25, 10], "texture": "#0"},
				"east": {"uv": [7, 8.5, 8, 9.5], "texture": "#0"},
				"south": {"uv": [9, 4, 9.25, 5], "texture": "#0"},
				"west": {"uv": [8.5, 7.5, 9.5, 8.5], "texture": "#0"},
				"up": {"uv": [4.75, 10, 4.5, 9], "texture": "#0"},
				"down": {"uv": [5.25, 9, 5, 10], "texture": "#0"}
			}
		},
		{
			"from": [8.5, 0, 7],
			"to": [11, 0.5, 9],
			"rotation": {"angle": 0, "axis": "y", "origin": [9, 0, 7]},
			"faces": {
				"north": {"uv": [0, 5.5, 1.25, 5.75], "texture": "#0"},
				"east": {"uv": [9, 3, 10, 3.25], "texture": "#0"},
				"south": {"uv": [6.5, 1, 7.75, 1.25], "texture": "#0"},
				"west": {"uv": [9, 5, 10, 5.25], "texture": "#0"},
				"up": {"uv": [8.25, 8.5, 7, 7.5], "texture": "#0"},
				"down": {"uv": [1.25, 8, 0, 9], "texture": "#0"}
			}
		},
		{
			"from": [7, 4, 7.5],
			"to": [8, 5, 8.5],
			"rotation": {"angle": 0, "axis": "y", "origin": [1, 3, 7]},
			"faces": {
				"north": {"uv": [5, 7, 5.5, 7.5], "texture": "#0"},
				"east": {"uv": [8, 3, 8.5, 3.5], "texture": "#0"},
				"south": {"uv": [4.5, 8, 5, 8.5], "texture": "#0"},
				"west": {"uv": [8.5, 3, 9, 3.5], "texture": "#0"},
				"up": {"uv": [5, 9, 4.5, 8.5], "texture": "#0"},
				"down": {"uv": [9.5, 0, 9, 0.5], "texture": "#0"}
			}
		},
		{
			"from": [12, 4, 7.5],
			"to": [13, 5, 8.5],
			"rotation": {"angle": 0, "axis": "y", "origin": [6, 3, 7]},
			"faces": {
				"north": {"uv": [9, 0.5, 9.5, 1], "texture": "#0"},
				"east": {"uv": [1, 9, 1.5, 9.5], "texture": "#0"},
				"south": {"uv": [9, 1, 9.5, 1.5], "texture": "#0"},
				"west": {"uv": [1.5, 9, 2, 9.5], "texture": "#0"},
				"up": {"uv": [9.5, 2, 9, 1.5], "texture": "#0"},
				"down": {"uv": [2.5, 9, 2, 9.5], "texture": "#0"}
			}
		},
		{
			"from": [6, 5, 7.25],
			"to": [14, 6.5, 8.75],
			"rotation": {"angle": 0, "axis": "y", "origin": [0, 4, 7]},
			"faces": {
				"north": {"uv": [4, 1.5, 8, 2.25], "texture": "#0"},
				"east": {"uv": [8, 8.5, 8.75, 9.25], "texture": "#0"},
				"south": {"uv": [2.5, 4, 6.5, 4.75], "texture": "#0"},
				"west": {"uv": [0, 9, 0.75, 9.75], "texture": "#0"},
				"up": {"uv": [8, 3.25, 4, 2.5], "texture": "#0"},
				"down": {"uv": [6.5, 5, 2.5, 5.75], "texture": "#0"}
			}
		},
		{
			"from": [14, 3, 7.5],
			"to": [25, 4, 8.5],
			"rotation": {"angle": 0, "axis": "y", "origin": [14, 2, 7]},
			"faces": {
				"north": {"uv": [4, 3.5, 9.5, 4], "texture": "#0"},
				"east": {"uv": [1.5, 5.5, 2, 6], "texture": "#0"},
				"south": {"uv": [0, 6, 5.5, 6.5], "texture": "#0"},
				"west": {"uv": [2, 5.5, 2.5, 6], "texture": "#0"},
				"up": {"uv": [11, 6.5, 5.5, 6], "texture": "#0"},
				"down": {"uv": [5.5, 6.5, 0, 7], "texture": "#0"}
			}
		},
		{
			"from": [3, 0.5, 7.05],
			"to": [8, 2.5, 8.95],
			"rotation": {"angle": 22.5, "axis": "z", "origin": [4.5, 1.5, 8]},
			"faces": {
				"north": {"uv": [6.5, 5, 9, 6], "texture": "#0"},
				"east": {"uv": [8, 2, 9, 3], "texture": "#0"},
				"south": {"uv": [5.5, 6.5, 8, 7.5], "texture": "#0"},
				"west": {"uv": [2.5, 8, 3.5, 9], "texture": "#0"},
				"up": {"uv": [2.5, 8, 0, 7], "texture": "#0"},
				"down": {"uv": [5, 7, 2.5, 8], "texture": "#0"}
			}
		}
	],
	"display": {
		"thirdperson_righthand": {
			"rotation": [0, 90, 0],
			"translation": [0, 6.5, 2]
		},
		"thirdperson_lefthand": {
			"rotation": [0, -90, 0],
			"translation": [0, 6.5, 2]
		},
		"firstperson_righthand": {
			"rotation": [0, 75, 0],
			"translation": [6.25, 7.5, 1.5]
		},
		"firstperson_lefthand": {
			"rotation": [0, -105, 0],
			"translation": [6.25, 7.5, 1.5]
		},
		"ground": {
			"rotation": [90, 0, 0],
			"translation": [-2, 0.5, 3.75]
		},
		"gui": {
			"rotation": [-180, 45, -165],
			"translation": [3.75, 4, 0]
		},
		"head": {
			"rotation": [21, 90, 0],
			"translation": [0, 8.25, 0]
		},
		"fixed": {
			"rotation": [0, 0, 15],
			"translation": [-5.75, 4, 0]
		}
	}
}