{
	"format_version": "1.9.0",
	"credit": "Made with Blockbench",
	"texture_size": [32, 32],
	"textures": {
		"0": "rocket_launcer",
		"particle": "rocket_launcer"
	},
	"elements": [
		{
			"from": [-2, 3, 4],
			"to": [0, 11, 12],
			"rotation": {"angle": 0, "axis": "y", "origin": [-2, 3, 7]},
			"faces": {
				"north": {"uv": [6, 1.5, 6.5, 3.5], "texture": "#0"},
				"east": {"uv": [4, 1.5, 6, 3.5], "texture": "#0"},
				"south": {"uv": [6, 3.5, 6.5, 5.5], "texture": "#0"},
				"west": {"uv": [4, 3.5, 6, 5.5], "texture": "#0"},
				"up": {"uv": [0.5, 8.5, 0, 6.5], "texture": "#0"},
				"down": {"uv": [1, 6.5, 0.5, 8.5], "texture": "#0"}
			}
		},
		{
			"from": [16, 3, 4],
			"to": [18, 11, 12],
			"rotation": {"angle": 0, "axis": "y", "origin": [16, 3, 7]},
			"faces": {
				"north": {"uv": [1, 6.5, 1.5, 8.5], "texture": "#0"},
				"east": {"uv": [0, 4.5, 2, 6.5], "texture": "#0"},
				"south": {"uv": [1.5, 6.5, 2, 8.5], "texture": "#0"},
				"west": {"uv": [2, 4.5, 4, 6.5], "texture": "#0"},
				"up": {"uv": [7, 3.5, 6.5, 1.5], "texture": "#0"},
				"down": {"uv": [2.5, 6.5, 2, 8.5], "texture": "#0"}
			}
		},
		{
			"from": [0, 4, 5],
			"to": [16, 10, 11],
			"rotation": {"angle": 0, "axis": "y", "origin": [14, 3, 7]},
			"faces": {
				"north": {"uv": [0, 0, 4, 1.5], "texture": "#0"},
				"east": {"uv": [4, 5.5, 5.5, 7], "texture": "#0"},
				"south": {"uv": [0, 1.5, 4, 3], "texture": "#0"},
				"west": {"uv": [5.5, 5.5, 7, 7], "texture": "#0"},
				"up": {"uv": [4, 4.5, 0, 3], "texture": "#0"},
				"down": {"uv": [8, 0, 4, 1.5], "texture": "#0"}
			}
		},
		{
			"from": [1, 0, 7],
			"to": [3, 4, 9],
			"rotation": {"angle": 0, "axis": "y", "origin": [14, -1, 7]},
			"faces": {
				"north": {"uv": [2.5, 6.5, 3, 7.5], "texture": "#0"},
				"east": {"uv": [3, 6.5, 3.5, 7.5], "texture": "#0"},
				"south": {"uv": [3.5, 6.5, 4, 7.5], "texture": "#0"},
				"west": {"uv": [6.5, 3.5, 7, 4.5], "texture": "#0"},
				"up": {"uv": [6, 7.5, 5.5, 7], "texture": "#0"},
				"down": {"uv": [7.5, 5.75, 7, 6.25], "texture": "#0"}
			}
		},
		{
			"from": [13, 0, 7],
			"to": [15, 4, 9],
			"rotation": {"angle": 0, "axis": "y", "origin": [26, -1, 7]},
			"faces": {
				"north": {"uv": [6.5, 4.5, 7, 5.5], "texture": "#0"},
				"east": {"uv": [7, 1.5, 7.5, 2.5], "texture": "#0"},
				"south": {"uv": [7, 2.5, 7.5, 3.5], "texture": "#0"},
				"west": {"uv": [7, 3.5, 7.5, 4.5], "texture": "#0"},
				"up": {"uv": [6.5, 7.5, 6, 7], "texture": "#0"},
				"down": {"uv": [7.5, 6.25, 7, 6.75], "texture": "#0"}
			}
		},
		{
			"from": [3, 1, 7],
			"to": [7, 1.5, 9],
			"rotation": {"angle": 0, "axis": "y", "origin": [16, -1, 7]},
			"faces": {
				"north": {"uv": [6.5, 7, 7.5, 7.125], "texture": "#0"},
				"east": {"uv": [7, 7.25, 7.5, 7.375], "texture": "#0"},
				"south": {"uv": [7, 6.75, 8, 6.875], "texture": "#0"},
				"west": {"uv": [7.5, 1.5, 8, 1.625], "texture": "#0"},
				"up": {"uv": [5, 7.5, 4, 7], "texture": "#0"},
				"down": {"uv": [8, 4.5, 7, 5], "texture": "#0"}
			}
		},
		{
			"from": [7, 1, 7],
			"to": [7.5, 4, 9],
			"rotation": {"angle": 0, "axis": "y", "origin": [16, -1, 7]},
			"faces": {
				"north": {"uv": [6.5, 7.25, 6.625, 8], "texture": "#0"},
				"east": {"uv": [5, 7, 5.5, 7.75], "texture": "#0"},
				"south": {"uv": [6.75, 7.25, 6.875, 8], "texture": "#0"},
				"west": {"uv": [7, 5, 7.5, 5.75], "texture": "#0"},
				"up": {"uv": [7.625, 2.25, 7.5, 1.75], "texture": "#0"},
				"down": {"uv": [7.625, 2.25, 7.5, 2.75], "texture": "#0"}
			}
		}
	],
	"display": {
		"thirdperson_righthand": {
			"rotation": [0, 90, 0],
			"translation": [0, 4.5, -1.5]
		},
		"thirdperson_lefthand": {
			"rotation": [0, -90, 0],
			"translation": [0, 4.5, -1.5]
		},
		"firstperson_righthand": {
			"rotation": [0, 75, 0],
			"translation": [8.25, 2, 0]
		},
		"firstperson_lefthand": {
			"rotation": [0, -105, 0],
			"translation": [8.25, 2, 0]
		},
		"ground": {
			"translation": [0, 3.75, 0]
		},
		"gui": {
			"rotation": [0, 135, 15],
			"translation": [1, 2, 0]
		},
		"head": {
			"translation": [0, 3.25, 0]
		},
		"fixed": {
			"rotation": [0, 0, 15],
			"translation": [-1, 2.25, 0]
		}
	},
	"groups": [
		{
			"name": "rocket_launcher",
			"origin": [8, 8, 8],
			"color": 0,
			"children": [0, 1, 2, 3, 4, 5, 6]
		}
	]
}