{
	"format_version": "1.21.6",
	"credit": "Made with Blockbench",
	"texture_size": [32, 32],
	"textures": {
		"0": "block/scythe",
		"particle": "block/scythe"
	},
	"elements": [
		{
			"from": [7.75, 0, 7.75],
			"to": [8.25, 16, 8.25],
			"rotation": {"angle": 0, "axis": "y", "origin": [8, 0, 7]},
			"faces": {
				"north": {"uv": [0, 0, 0.5, 16], "texture": "#0"},
				"east": {"uv": [1, 0, 1.5, 16], "texture": "#0"},
				"south": {"uv": [2, 0, 2.5, 16], "texture": "#0"},
				"west": {"uv": [3, 0, 3.5, 16], "texture": "#0"},
				"up": {"uv": [10.5, 0.5, 10, 0], "texture": "#0"},
				"down": {"uv": [10.5, 1, 10, 1.5], "texture": "#0"}
			}
		},
		{
			"from": [8.25, 14, 7.75],
			"to": [12.25, 16, 8.25],
			"rotation": {"angle": 0, "axis": "y", "origin": [9, 0, 7]},
			"faces": {
				"north": {"uv": [4, 0, 8, 2], "texture": "#0"},
				"east": {"uv": [9, 0, 9.5, 2], "texture": "#0"},
				"south": {"uv": [4, 2, 8, 4], "texture": "#0"},
				"west": {"uv": [9, 6, 9.5, 8], "texture": "#0"},
				"up": {"uv": [11, 4.5, 7, 4], "texture": "#0"},
				"down": {"uv": [11, 5, 7, 5.5], "texture": "#0"}
			}
		},
		{
			"from": [12.25, 13.5, 7.75],
			"to": [14.25, 15.5, 8.25],
			"rotation": {"angle": 0, "axis": "y", "origin": [13, 0, 7]},
			"faces": {
				"north": {"uv": [4, 4, 6, 6], "texture": "#0"},
				"east": {"uv": [7, 6, 7.5, 8], "texture": "#0"},
				"south": {"uv": [4, 6, 6, 8], "texture": "#0"},
				"west": {"uv": [8, 0, 8.5, 2], "texture": "#0"},
				"up": {"uv": [10, 2.5, 8, 2], "texture": "#0"},
				"down": {"uv": [10, 3, 8, 3.5], "texture": "#0"}
			}
		},
		{
			"from": [14.25, 13, 7.75],
			"to": [15.25, 15, 8.25],
			"rotation": {"angle": 0, "axis": "y", "origin": [13, 0, 7]},
			"faces": {
				"north": {"uv": [6, 4, 7, 6], "texture": "#0"},
				"east": {"uv": [4, 8, 4.5, 10], "texture": "#0"},
				"south": {"uv": [6, 6, 7, 8], "texture": "#0"},
				"west": {"uv": [5, 8, 5.5, 10], "texture": "#0"},
				"up": {"uv": [10, 8.5, 9, 8], "texture": "#0"},
				"down": {"uv": [10, 9, 9, 9.5], "texture": "#0"}
			}
		},
		{
			"from": [15.25, 12, 7.75],
			"to": [15.75, 14, 8.25],
			"rotation": {"angle": 0, "axis": "y", "origin": [14, -1, 7]},
			"faces": {
				"north": {"uv": [6, 8, 6.5, 10], "texture": "#0"},
				"east": {"uv": [8, 6, 8.5, 8], "texture": "#0"},
				"south": {"uv": [7, 8, 7.5, 10], "texture": "#0"},
				"west": {"uv": [8, 8, 8.5, 10], "texture": "#0"},
				"up": {"uv": [10.5, 2.5, 10, 2], "texture": "#0"},
				"down": {"uv": [10.5, 3, 10, 3.5], "texture": "#0"}
			}
		}
	],
	"display": {
		"thirdperson_righthand": {
			"rotation": [0, 90, 0],
			"translation": [-1, 7, 0.75],
			"scale": [2, 2, 2]
		},
		"thirdperson_lefthand": {
			"rotation": [0, -90, 0],
			"translation": [-1, 7, 0.75],
			"scale": [2, 2, 2]
		},
		"firstperson_righthand": {
			"rotation": [0, 90, 27],
			"translation": [0, 2, 0],
			"scale": [1.5, 1.5, 1.5]
		},
		"firstperson_lefthand": {
			"rotation": [0, -90, -27],
			"translation": [0, 2, 0],
			"scale": [1.5, 1.5, 1.5]
		},
		"ground": {
			"rotation": [0, 0, -90],
			"translation": [0, 0, 1]
		},
		"gui": {
			"rotation": [-21, 160, 54],
			"translation": [0, -2, 0]
		},
		"head": {
			"translation": [0, 3.75, 0]
		},
		"fixed": {
			"rotation": [0, 0, 45],
			"translation": [-1, -2, 0]
		}
	},
	"groups": [
		{
			"name": "scythe",
			"origin": [8, 8, 8],
			"color": 0,
			"children": [0, 1, 2, 3, 4]
		}
	]
}
