{
	"format_version": "1.9.0",
	"credit": "Made with Blockbench",
	"texture_size": [32, 32],
	"textures": {
		"0": "block/shotgun",
		"particle": "block/shotgun"
	},
	"elements": [
		{
			"from": [2, 0, 7],
			"to": [4, 5, 9],
			"rotation": {"angle": -22.5, "axis": "z", "origin": [3, 3, 8]},
			"faces": {
				"north": {"uv": [7, 4, 8, 6.5], "texture": "#0"},
				"east": {"uv": [7, 6.5, 8, 9], "texture": "#0"},
				"south": {"uv": [0, 8, 1, 10.5], "texture": "#0"},
				"west": {"uv": [1, 8, 2, 10.5], "texture": "#0"},
				"up": {"uv": [9, 5, 8, 4], "texture": "#0"},
				"down": {"uv": [9, 5, 8, 6], "texture": "#0"}
			}
		},
		{
			"from": [3, 2, 7.05],
			"to": [7, 2.5, 8.95],
			"rotation": {"angle": 0, "axis": "z", "origin": [4, 4, 8]},
			"faces": {
				"north": {"uv": [9, 5.5, 11, 5.75], "texture": "#0"},
				"east": {"uv": [8, 9, 9, 9.25], "texture": "#0"},
				"south": {"uv": [6, 9, 8, 9.25], "texture": "#0"},
				"west": {"uv": [9, 8, 10, 8.25], "texture": "#0"},
				"up": {"uv": [4, 9, 2, 8], "texture": "#0"},
				"down": {"uv": [6, 8, 4, 9], "texture": "#0"}
			}
		},
		{
			"from": [6.5, 2.5, 7.05],
			"to": [7, 4, 8.95],
			"rotation": {"angle": 0, "axis": "z", "origin": [8, 5, 8]},
			"faces": {
				"north": {"uv": [5.5, 9.5, 5.75, 10.25], "texture": "#0"},
				"east": {"uv": [4, 9, 5, 9.75], "texture": "#0"},
				"south": {"uv": [6, 9.5, 6.25, 10.25], "texture": "#0"},
				"west": {"uv": [9, 4, 10, 4.75], "texture": "#0"},
				"up": {"uv": [9.25, 9.5, 9, 8.5], "texture": "#0"},
				"down": {"uv": [5.25, 9.5, 5, 10.5], "texture": "#0"}
			}
		},
		{
			"from": [2, 4, 5.9],
			"to": [16, 6, 7.9],
			"rotation": {"angle": 0, "axis": "z", "origin": [3, 3, 7]},
			"faces": {
				"north": {"uv": [0, 0, 7, 1], "texture": "#0"},
				"east": {"uv": [6, 8, 7, 9], "texture": "#0"},
				"south": {"uv": [0, 1, 7, 2], "texture": "#0"},
				"west": {"uv": [8, 6, 9, 7], "texture": "#0"},
				"up": {"uv": [7, 3, 0, 2], "texture": "#0"},
				"down": {"uv": [7, 3, 0, 4], "texture": "#0"}
			}
		},
		{
			"from": [2.05, 4.05, 6.9],
			"to": [15.95, 5.95, 8.9],
			"rotation": {"angle": 0, "axis": "z", "origin": [3, 3, 8]},
			"faces": {
				"north": {"uv": [7, 0, 14, 1], "texture": "#0"},
				"east": {"uv": [2, 9, 3, 10], "texture": "#0"},
				"south": {"uv": [7, 1, 14, 2], "texture": "#0"},
				"west": {"uv": [3, 9, 4, 10], "texture": "#0"},
				"up": {"uv": [14, 3, 7, 2], "texture": "#0"},
				"down": {"uv": [14, 3, 7, 4], "texture": "#0"}
			}
		},
		{
			"from": [3, 5.5, 7],
			"to": [3.5, 6.5, 9],
			"rotation": {"angle": 0, "axis": "z", "origin": [4, 5, 8]},
			"faces": {
				"north": {"uv": [9.5, 6, 9.75, 6.5], "texture": "#0"},
				"east": {"uv": [5, 9, 6, 9.5], "texture": "#0"},
				"south": {"uv": [6.5, 9.5, 6.75, 10], "texture": "#0"},
				"west": {"uv": [9, 5, 10, 5.5], "texture": "#0"},
				"up": {"uv": [9.25, 7, 9, 6], "texture": "#0"},
				"down": {"uv": [9.25, 7, 9, 8], "texture": "#0"}
			}
		},
		{
			"from": [2, 4, 8.1],
			"to": [16, 6, 10.1],
			"rotation": {"angle": 0, "axis": "z", "origin": [3, 3, 9]},
			"faces": {
				"north": {"uv": [0, 4, 7, 5], "texture": "#0"},
				"east": {"uv": [8, 7, 9, 8], "texture": "#0"},
				"south": {"uv": [0, 5, 7, 6], "texture": "#0"},
				"west": {"uv": [8, 8, 9, 9], "texture": "#0"},
				"up": {"uv": [7, 7, 0, 6], "texture": "#0"},
				"down": {"uv": [7, 7, 0, 8], "texture": "#0"}
			}
		}
	],
	"display": {
		"thirdperson_righthand": {
			"rotation": [0, 90, 0],
			"translation": [0, 4.25, -2.25]
		},
		"thirdperson_lefthand": {
			"rotation": [0, -90, 0],
			"translation": [0, 4.25, -2.25]
		},
		"firstperson_righthand": {
			"rotation": [0, 75, 0],
			"translation": [6.25, 7.5, 1.5]
		},
		"firstperson_lefthand": {
			"rotation": [0, -105, 0],
			"translation": [6.25, 7.5, 1.5]
		},
		"ground": {
			"translation": [0, 3.75, 0]
		},
		"gui": {
			"rotation": [-180, 45, -165],
			"translation": [2, 4, 0]
		},
		"head": {
			"rotation": [0, 90, 0],
			"translation": [0, 10.5, -7.25]
		},
		"fixed": {
			"rotation": [0, 0, 15],
			"translation": [-2, 4, 0]
		}
	},
	"groups": [
		{
			"name": "shotgun",
			"origin": [8, 8, 8],
			"color": 0,
			"children": [0, 1, 2, 3, 4, 5, 6]
		}
	]
}
