{
	"format_version": "1.21.6",
	"credit": "Made with Blockbench",
	"texture_size": [32, 32],
	"textures": {
		"0": "shuriken",
		"particle": "shuriken"
	},
	"elements": [
		{
			"from": [7.5, 0, 8],
			"to": [8, 1, 8],
			"rotation": {"angle": 0, "axis": "y", "origin": [7, 0, 8]},
			"faces": {
				"north": {"uv": [8, 0, 9, 2], "texture": "#0"},
				"east": {"uv": [0, 0, 0, 2], "texture": "#0"},
				"south": {"uv": [8, 2, 9, 4], "texture": "#0"},
				"west": {"uv": [0, 0, 0, 2], "texture": "#0"},
				"up": {"uv": [1, 0, 0, 0], "texture": "#0"},
				"down": {"uv": [1, 0, 0, 0], "texture": "#0"}
			}
		},
		{
			"from": [8, 6, 8],
			"to": [8.5, 7, 8],
			"rotation": {"angle": 0, "axis": "y", "origin": [7, 6, 8]},
			"faces": {
				"north": {"uv": [6, 8, 7, 10], "texture": "#0"},
				"east": {"uv": [0, 0, 0, 2], "texture": "#0"},
				"south": {"uv": [8, 6, 9, 8], "texture": "#0"},
				"west": {"uv": [0, 0, 0, 2], "texture": "#0"},
				"up": {"uv": [1, 0, 0, 0], "texture": "#0"},
				"down": {"uv": [1, 0, 0, 0], "texture": "#0"}
			}
		},
		{
			"from": [8.5, 3, 8],
			"to": [10.5, 4, 8],
			"rotation": {"angle": 0, "axis": "z", "origin": [11, 3, 8]},
			"faces": {
				"north": {"uv": [4, 0, 8, 2], "texture": "#0"},
				"east": {"uv": [0, 0, 0, 2], "texture": "#0"},
				"south": {"uv": [4, 2, 8, 4], "texture": "#0"},
				"west": {"uv": [0, 0, 0, 2], "texture": "#0"},
				"up": {"uv": [4, 0, 0, 0], "texture": "#0"},
				"down": {"uv": [4, 0, 0, 0], "texture": "#0"}
			}
		},
		{
			"from": [5.5, 3, 8],
			"to": [7.5, 4, 8],
			"rotation": {"angle": 0, "axis": "y", "origin": [8, 3, 8]},
			"faces": {
				"north": {"uv": [4, 4, 8, 6], "texture": "#0"},
				"east": {"uv": [0, 0, 0, 2], "texture": "#0"},
				"south": {"uv": [4, 6, 8, 8], "texture": "#0"},
				"west": {"uv": [0, 0, 0, 2], "texture": "#0"},
				"up": {"uv": [4, 0, 0, 0], "texture": "#0"},
				"down": {"uv": [4, 0, 0, 0], "texture": "#0"}
			}
		},
		{
			"from": [10.5, 3, 8],
			"to": [11.5, 3.5, 8],
			"rotation": {"angle": 0, "axis": "z", "origin": [11, 3, 8]},
			"faces": {
				"north": {"uv": [4, 8, 6, 9], "texture": "#0"},
				"east": {"uv": [0, 0, 0, 1], "texture": "#0"},
				"south": {"uv": [8, 4, 10, 5], "texture": "#0"},
				"west": {"uv": [0, 0, 0, 1], "texture": "#0"},
				"up": {"uv": [2, 0, 0, 0], "texture": "#0"},
				"down": {"uv": [2, 0, 0, 0], "texture": "#0"}
			}
		},
		{
			"from": [4.5, 3.5, 8],
			"to": [5.5, 4, 8],
			"rotation": {"angle": 0, "axis": "y", "origin": [5, 3, 8]},
			"faces": {
				"north": {"uv": [8, 8, 10, 9], "texture": "#0"},
				"east": {"uv": [0, 0, 0, 1], "texture": "#0"},
				"south": {"uv": [0, 10, 2, 11], "texture": "#0"},
				"west": {"uv": [0, 0, 0, 1], "texture": "#0"},
				"up": {"uv": [2, 0, 0, 0], "texture": "#0"},
				"down": {"uv": [2, 0, 0, 0], "texture": "#0"}
			}
		},
		{
			"from": [7.5, 1, 8],
			"to": [8.5, 6, 8],
			"rotation": {"angle": 0, "axis": "y", "origin": [7, 0, 8]},
			"faces": {
				"north": {"uv": [0, 0, 2, 10], "texture": "#0"},
				"east": {"uv": [0, 0, 0, 10], "texture": "#0"},
				"south": {"uv": [2, 0, 4, 10], "texture": "#0"},
				"west": {"uv": [0, 0, 0, 10], "texture": "#0"},
				"up": {"uv": [2, 0, 0, 0], "texture": "#0"},
				"down": {"uv": [2, 0, 0, 0], "texture": "#0"}
			}
		}
	],
	"display": {
		"thirdperson_righthand": {
			"rotation": [-17, -90, 0],
			"translation": [0, 5.75, -1.5]
		},
		"thirdperson_lefthand": {
			"rotation": [-17, 90, 0],
			"translation": [0, 5.75, -1.5]
		},
		"firstperson_righthand": {
			"rotation": [0, -90, -1],
			"translation": [-1.75, 8.25, 3]
		},
		"firstperson_lefthand": {
			"rotation": [0, 90, -1],
			"translation": [-1.75, 8.25, 3]
		},
		"ground": {
			"rotation": [90, 0, 0],
			"translation": [0, 0.25, 2.25],
			"scale": [0.75, 0.75, 0.75]
		},
		"gui": {
			"rotation": [21, -159, 0],
			"translation": [0, 8.5, 0],
			"scale": [2, 2, 2]
		},
		"head": {
			"translation": [0, 14.5, 0]
		},
		"fixed": {
			"translation": [0, 9, 0],
			"scale": [2, 2, 2]
		}
	},
	"groups": [
		{
			"name": "shuriken",
			"origin": [8, 8, 8],
			"color": 0,
			"children": [
				{
					"name": "shuriken",
					"origin": [8, 8, 8],
					"color": 0,
					"children": [0, 1, 2, 3, 4, 5, 6]
				}
			]
		}
	]
}