{
	"credit": "Made with Blockbench",
	"textures": {
		"0": "smg",
		"particle": "smg"
	},
	"elements": [
		{
			"from": [2, 1.5, 7.5],
			"to": [5, 3.5, 8.5],
			"rotation": {"angle": 0, "axis": "y", "origin": [0, 0, 7]},
			"faces": {
				"north": {"uv": [0, 8, 3, 10], "texture": "#0"},
				"east": {"uv": [1, 10, 2, 12], "texture": "#0"},
				"south": {"uv": [8, 0, 11, 2], "texture": "#0"},
				"west": {"uv": [2, 10, 3, 12], "texture": "#0"},
				"up": {"uv": [11, 5, 8, 4], "texture": "#0"},
				"down": {"uv": [8, 8, 5, 9], "texture": "#0"}
			}
		},
		{
			"from": [6, 2, 7],
			"to": [14, 4, 9],
			"rotation": {"angle": 0, "axis": "y", "origin": [6, 2, 7]},
			"faces": {
				"north": {"uv": [0, 0, 8, 2], "texture": "#0"},
				"east": {"uv": [8, 2, 10, 4], "texture": "#0"},
				"south": {"uv": [0, 2, 8, 4], "texture": "#0"},
				"west": {"uv": [3, 8, 5, 10], "texture": "#0"},
				"up": {"uv": [8, 6, 0, 4], "texture": "#0"},
				"down": {"uv": [8, 6, 0, 8], "texture": "#0"}
			}
		},
		{
			"from": [6.75, 4, 7.75],
			"to": [7.25, 4.5, 8.25],
			"rotation": {"angle": 0, "axis": "y", "origin": [6, 2, 7]},
			"faces": {
				"north": {"uv": [12, 4, 12.5, 4.5], "texture": "#0"},
				"east": {"uv": [5, 12, 5.5, 12.5], "texture": "#0"},
				"south": {"uv": [6, 12, 6.5, 12.5], "texture": "#0"},
				"west": {"uv": [7, 12, 7.5, 12.5], "texture": "#0"},
				"up": {"uv": [8.5, 12.5, 8, 12], "texture": "#0"},
				"down": {"uv": [12.5, 8, 12, 8.5], "texture": "#0"}
			}
		},
		{
			"from": [7, 0, 7.5],
			"to": [8, 3, 8.5],
			"rotation": {"angle": -22.5, "axis": "z", "origin": [7, 0, 8]},
			"faces": {
				"north": {"uv": [8, 5, 9, 8], "texture": "#0"},
				"east": {"uv": [8, 8, 9, 11], "texture": "#0"},
				"south": {"uv": [5, 9, 6, 12], "texture": "#0"},
				"west": {"uv": [9, 5, 10, 8], "texture": "#0"},
				"up": {"uv": [11, 9, 10, 8], "texture": "#0"},
				"down": {"uv": [11, 9, 10, 10], "texture": "#0"}
			}
		},
		{
			"from": [8, 1, 7.51],
			"to": [10, 1.5, 8.41],
			"rotation": {"angle": 0, "axis": "z", "origin": [8, 0, 8]},
			"faces": {
				"north": {"uv": [10, 10, 12, 10.5], "texture": "#0"},
				"east": {"uv": [1, 12, 2, 12.5], "texture": "#0"},
				"south": {"uv": [11, 0, 13, 0.5], "texture": "#0"},
				"west": {"uv": [12, 1, 13, 1.5], "texture": "#0"},
				"up": {"uv": [12, 3, 10, 2], "texture": "#0"},
				"down": {"uv": [5, 10, 3, 11], "texture": "#0"}
			}
		},
		{
			"from": [10, 1, 7.51],
			"to": [10.5, 2, 8.41],
			"rotation": {"angle": 0, "axis": "y", "origin": [8, 0, 8]},
			"faces": {
				"north": {"uv": [2, 12, 2.5, 13], "texture": "#0"},
				"east": {"uv": [11, 1, 12, 2], "texture": "#0"},
				"south": {"uv": [12, 2, 12.5, 3], "texture": "#0"},
				"west": {"uv": [3, 11, 4, 12], "texture": "#0"},
				"up": {"uv": [3.5, 13, 3, 12], "texture": "#0"},
				"down": {"uv": [4.5, 12, 4, 13], "texture": "#0"}
			}
		},
		{
			"from": [12, 0, 7.5],
			"to": [13, 3, 8.5],
			"rotation": {"angle": 22.5, "axis": "z", "origin": [12, 0, 8]},
			"faces": {
				"north": {"uv": [6, 9, 7, 12], "texture": "#0"},
				"east": {"uv": [7, 9, 8, 12], "texture": "#0"},
				"south": {"uv": [9, 8, 10, 11], "texture": "#0"},
				"west": {"uv": [0, 10, 1, 13], "texture": "#0"},
				"up": {"uv": [5, 12, 4, 11], "texture": "#0"},
				"down": {"uv": [12, 4, 11, 5], "texture": "#0"}
			}
		},
		{
			"from": [14, 2.75, 7.75],
			"to": [18, 3.25, 8.25],
			"rotation": {"angle": 0, "axis": "y", "origin": [14, 2, 7]},
			"faces": {
				"north": {"uv": [10, 3, 14, 3.5], "texture": "#0"},
				"east": {"uv": [9, 12, 9.5, 12.5], "texture": "#0"},
				"south": {"uv": [10, 5, 14, 5.5], "texture": "#0"},
				"west": {"uv": [12, 9, 12.5, 9.5], "texture": "#0"},
				"up": {"uv": [14, 6.5, 10, 6], "texture": "#0"},
				"down": {"uv": [14, 7, 10, 7.5], "texture": "#0"}
			}
		},
		{
			"from": [5, 2.5, 7.5],
			"to": [6, 3.5, 8.5],
			"rotation": {"angle": 0, "axis": "z", "origin": [4.5, 3.5, 8]},
			"faces": {
				"north": {"uv": [8, 11, 9, 12], "texture": "#0"},
				"east": {"uv": [11, 8, 12, 9], "texture": "#0"},
				"south": {"uv": [9, 11, 10, 12], "texture": "#0"},
				"west": {"uv": [11, 9, 12, 10], "texture": "#0"},
				"up": {"uv": [11, 12, 10, 11], "texture": "#0"},
				"down": {"uv": [12, 11, 11, 12], "texture": "#0"}
			}
		}
	],
	"display": {
		"thirdperson_righthand": {
			"rotation": [0, 90, 0],
			"translation": [0, 6.25, 1.75]
		},
		"thirdperson_lefthand": {
			"rotation": [0, -90, 0],
			"translation": [0, 6.25, 1.75]
		},
		"firstperson_righthand": {
			"rotation": [0, 75, 0],
			"translation": [6.25, 7.5, 1.5],
			"scale": [1.5, 1.5, 1.5]
		},
		"firstperson_lefthand": {
			"rotation": [0, -105, 0],
			"translation": [6.25, 7.5, 1.5],
			"scale": [1.5, 1.5, 1.5]
		},
		"ground": {
			"rotation": [90, 0, 0],
			"translation": [-2, 0.5, 5.75]
		},
		"gui": {
			"rotation": [-180, 45, -165],
			"translation": [2.5, 5.25, 0],
			"scale": [1.25, 1.25, 1.25]
		},
		"head": {
			"rotation": [21, 90, 0],
			"translation": [0, 8.25, -3]
		},
		"fixed": {
			"rotation": [0, 0, 15],
			"translation": [-3.25, 4, 0]
		}
	},
	"groups": [
		{
			"name": "smg",
			"origin": [8, 8, 8],
			"color": 0,
			"children": [
				{
					"name": "rifle",
					"origin": [8, 8, 8],
					"color": 0,
					"children": [0, 1, 2, 3, 4, 5, 6, 7, 8]
				}
			]
		}
	]
}