{
	"format_version": "1.9.0",
	"credit": "Made with Blockbench",
	"texture_size": [32, 32],
	"textures": {
		"0": "spear",
		"particle": "spear"
	},
	"elements": [
		{
			"from": [7.75, 0, 7.75],
			"to": [8.25, 19.5, 8.25],
			"rotation": {"angle": 0, "axis": "y", "origin": [8, 0, 7]},
			"faces": {
				"north": {"uv": [0, 0, 0.5, 11.5], "texture": "#0"},
				"east": {"uv": [1, 0, 1.5, 11.5], "texture": "#0"},
				"south": {"uv": [2, 0, 2.5, 11.5], "texture": "#0"},
				"west": {"uv": [3, 0, 3.5, 11.5], "texture": "#0"},
				"up": {"uv": [6.5, 10.5, 6, 10], "texture": "#0"},
				"down": {"uv": [10.5, 6, 10, 6.5], "texture": "#0"}
			}
		},
		{
			"from": [6.75, 19.5, 7.75],
			"to": [9.25, 20.5, 8.25],
			"rotation": {"angle": 0, "axis": "y", "origin": [8, 8, 7]},
			"faces": {
				"north": {"uv": [4, 0, 6.5, 1], "texture": "#0"},
				"east": {"uv": [7, 9, 7.5, 10], "texture": "#0"},
				"south": {"uv": [4, 1, 6.5, 2], "texture": "#0"},
				"west": {"uv": [8, 9, 8.5, 10], "texture": "#0"},
				"up": {"uv": [9.5, 2.5, 7, 2], "texture": "#0"},
				"down": {"uv": [9.5, 3, 7, 3.5], "texture": "#0"}
			}
		},
		{
			"from": [7, 20.5, 7.75],
			"to": [9, 21.5, 8.25],
			"rotation": {"angle": 0, "axis": "y", "origin": [8, 8, 7]},
			"faces": {
				"north": {"uv": [4, 4, 6, 5], "texture": "#0"},
				"east": {"uv": [9, 8, 9.5, 9], "texture": "#0"},
				"south": {"uv": [4, 5, 6, 6], "texture": "#0"},
				"west": {"uv": [9, 9, 9.5, 10], "texture": "#0"},
				"up": {"uv": [8, 7.5, 6, 7], "texture": "#0"},
				"down": {"uv": [10, 4, 8, 4.5], "texture": "#0"}
			}
		},
		{
			"from": [7.25, 21.5, 7.75],
			"to": [8.75, 22.5, 8.25],
			"rotation": {"angle": 0, "axis": "y", "origin": [8, 8, 7]},
			"faces": {
				"north": {"uv": [6, 5, 7.5, 6], "texture": "#0"},
				"east": {"uv": [10, 0, 10.5, 1], "texture": "#0"},
				"south": {"uv": [6, 6, 7.5, 7], "texture": "#0"},
				"west": {"uv": [10, 1, 10.5, 2], "texture": "#0"},
				"up": {"uv": [8.5, 8.5, 7, 8], "texture": "#0"},
				"down": {"uv": [9.5, 7, 8, 7.5], "texture": "#0"}
			}
		},
		{
			"from": [7.75, 19.5, 6.75],
			"to": [8.25, 20.5, 9.25],
			"rotation": {"angle": 0, "axis": "y", "origin": [9, 8, 8]},
			"faces": {
				"north": {"uv": [5, 10, 5.5, 11], "texture": "#0"},
				"east": {"uv": [4, 2, 6.5, 3], "texture": "#0"},
				"south": {"uv": [10, 5, 10.5, 6], "texture": "#0"},
				"west": {"uv": [4, 3, 6.5, 4], "texture": "#0"},
				"up": {"uv": [4.5, 9.5, 4, 7], "texture": "#0"},
				"down": {"uv": [5.5, 7, 5, 9.5], "texture": "#0"}
			}
		},
		{
			"from": [7.75, 20.5, 7],
			"to": [8.25, 21.5, 9],
			"rotation": {"angle": 0, "axis": "y", "origin": [9, 8, 8]},
			"faces": {
				"north": {"uv": [4, 10, 4.5, 11], "texture": "#0"},
				"east": {"uv": [4, 6, 6, 7], "texture": "#0"},
				"south": {"uv": [10, 4, 10.5, 5], "texture": "#0"},
				"west": {"uv": [6, 4, 8, 5], "texture": "#0"},
				"up": {"uv": [8.5, 7, 8, 5], "texture": "#0"},
				"down": {"uv": [6.5, 8, 6, 10], "texture": "#0"}
			}
		},
		{
			"from": [7.75, 21.5, 7.25],
			"to": [8.25, 22.5, 8.75],
			"rotation": {"angle": 0, "axis": "y", "origin": [9, 8, 8]},
			"faces": {
				"north": {"uv": [10, 2, 10.5, 3], "texture": "#0"},
				"east": {"uv": [7, 0, 8.5, 1], "texture": "#0"},
				"south": {"uv": [10, 3, 10.5, 4], "texture": "#0"},
				"west": {"uv": [7, 1, 8.5, 2], "texture": "#0"},
				"up": {"uv": [9.5, 1.5, 9, 0], "texture": "#0"},
				"down": {"uv": [9.5, 5, 9, 6.5], "texture": "#0"}
			}
		},
		{
			"from": [7.75, 22.5, 7.75],
			"to": [8.25, 23, 8.25],
			"rotation": {"angle": 0, "axis": "y", "origin": [8, 8, 7]},
			"faces": {
				"north": {"uv": [7, 10, 7.5, 10.5], "texture": "#0"},
				"east": {"uv": [10, 7, 10.5, 7.5], "texture": "#0"},
				"south": {"uv": [8, 10, 8.5, 10.5], "texture": "#0"},
				"west": {"uv": [10, 8, 10.5, 8.5], "texture": "#0"},
				"up": {"uv": [9.5, 10.5, 9, 10], "texture": "#0"},
				"down": {"uv": [10.5, 9, 10, 9.5], "texture": "#0"}
			}
		}
	],
	"display": {
		"thirdperson_righthand": {
			"rotation": [0, 90, 0],
			"translation": [0, -2.5, 0]
		},
		"thirdperson_lefthand": {
			"rotation": [0, 90, 0],
			"translation": [0, -2.5, 0]
		},
		"firstperson_righthand": {
			"rotation": [0, 90, 9],
			"translation": [0, -7, -1.5],
			"scale": [1.5, 1.5, 1.5]
		},
		"firstperson_lefthand": {
			"rotation": [0, 90, 9],
			"translation": [0, -7, -1.5],
			"scale": [1.5, 1.5, 1.5]
		},
		"ground": {
			"rotation": [0, 0, -90],
			"translation": [0, 0, 1.75]
		},
		"gui": {
			"rotation": [0, -144, 50],
			"translation": [-2.5, -2.5, 0]
		},
		"head": {
			"rotation": [0, -90, 45],
			"translation": [0, 4.25, -5.75]
		},
		"fixed": {
			"rotation": [0, 0, 45],
			"translation": [3, -3, 0]
		}
	},
	"groups": [
		{
			"name": "spear",
			"origin": [8, 8, 8],
			"color": 0,
			"children": [
				{
					"name": "spear",
					"origin": [8, 8, 8],
					"color": 0,
					"children": [0, 1, 2, 3, 4, 5, 6, 7]
				}
			]
		}
	]
}