{
    "providers": [
        {
            "type": "space",
            "advances": {
                "0":-3,
                "1":-3,
                "2":-3,
                "3":-3,
                "4":-3,
                "5":-3,
                "6":-3,
                "7":-3,
                "8":-3,
                "9":-3,
                "\u0000":-4.5,
                "\u0001":-4.5,
                "\u0002":-4.5,
                "\u0003":-4.5,
                "\u0004":-4.5,
                "\u0005":-4.5,
                "\u0006":-4.5,
                "\u0007":-4.5,
                "\b":-4.5,
                "\t":-4.5,
                "\n":-4.5,
                "\u000b":-4.5,
                "\f":-4.5,
                "\r":-4.5,
                "\u000e":-4.5,
                "\u000f":-4.5,
                "\u0010":-4.5,
                "\u0011":-4.5,
                "\u0012":-4.5,
                "\u0013":-4.5,
                "\u0014":-4.5,
                "\u0015":-4.5,
                "\u0016":-4.5,
                "\u0017":-4.5,
                "\u0018":-4.5,
                "\u0019":-4.5,
                "\u001a":-4.5,
                "\u001b":-4.5,
                "\u001c":-4.5,
                "\u001d":-4.5,
                "\u001e":-4.5,
                "\u001f":-4.5,
                " ":-2,
                "!":-1,
                "\"":-2,
                "#":-3,
                "$":-3,
                "%":-3,
                "&":-3,
                "'":-1,
                "(":-2,
                ")":-2,
                "*":-2,
                "+":-3,
                ",":-1,
                "-":-3,
                ".":-1,
                "/":-3,
                ":":-1,
                ";":-1,
                "<":-2.5,
                "=":-3,
                ">":-2.5,
                "?":-3,
                "@":-3.5,
                "A":-3,
                "B":-3,
                "C":-3,
                "D":-3,
                "E":-3,
                "F":-3,
                "G":-3,
                "H":-3,
                "I":-2,
                "J":-3,
                "K":-3,
                "L":-3,
                "M":-3,
                "N":-3,
                "O":-3,
                "P":-3,
                "Q":-3,
                "R":-3,
                "S":-3,
                "T":-3,
                "U":-3,
                "V":-3,
                "W":-3,
                "X":-3,
                "Y":-3,
                "Z":-3,
                "[":-2,
                "\\":-3,
                "]":-2,
                "^":-3,
                "_":-3,
                "`":-1.5,
                "a":-3,
                "b":-3,
                "c":-3,
                "d":-3,
                "e":-3,
                "f":-2.5,
                "g":-3,
                "h":-3,
                "i":-1,
                "j":-3,
                "k":-2.5,
                "l":-1.5,
                "m":-3,
                "n":-3,
                "o":-3,
                "p":-3,
                "q":-3,
                "r":-3,
                "s":-3,
                "t":-2,
                "u":-3,
                "v":-3,
                "w":-3,
                "x":-3,
                "y":-3,
                "z":-3,
                "{":-2,
                "|":-1,
                "}":-2,
                "~":-3.5,
                "\u007f":-4.5,
                "\u0080":-4.5,
                "\u0081":-4.5,
                "\u0082":-4.5,
                "\u0083":-4.5,
                "\u0084":-4.5,
                "\u0085":-4.5,
                "\u0086":-4.5,
                "\u0087":-4.5,
                "\u0088":-4.5,
                "\u0089":-4.5,
                "\u008a":-4.5,
                "\u008b":-4.5,
                "\u008c":-4.5,
                "\u008d":-4.5,
                "\u008e":-4.5,
                "\u008f":-4.5,
                "\u0090":-4.5,
                "\u0091":-4.5,
                "\u0092":-4.5,
                "\u0093":-4.5,
                "\u0094":-4.5,
                "\u0095":-4.5,
                "\u0096":-4.5,
                "\u0097":-4.5,
                "\u0098":-4.5,
                "\u0099":-4.5,
                "\u009a":-4.5,
                "\u009b":-4.5,
                "\u009c":-4.5,
                "\u009d":-4.5,
                "\u009e":-4.5,
                "\u009f":-4.5,
                "\u00a0":-4.5,
                "\u00a1":-1,
                "\u00a2":-3,
                "\u00a3":-3,
                "\u00a4":-4,
                "\u00a5":-3,
                "\u00a6":-1,
                "\u00a7":-3,
                "\u00a8":-2,
                "\u00a9":-4,
                "\u00aa":-2.5,
                "\u00ab":-3.5,
                "\u00ac":-3,
                "\u00ad":-2,
                "\u00ae":-4,
                "\u00af":-3,
                "\u00b0":-2.5,
                "\u00b1":-3,
                "\u00b2":-2.5,
                "\u00b3":-2.5,
                "\u00b4":-1.5,
                "\u00b5":-3,
                "\u00b6":-3.5,
                "\u00b7":-1,
                "\u00b8":-1,
                "\u00b9":-2,
                "\u00ba":-2.5,
                "\u00bb":-3.5,
                "\u00bc":-4,
                "\u00bd":-4,
                "\u00be":-4,
                "\u00bf":-3,
                "\u00c0":-3,
                "\u00c1":-3,
                "\u00c2":-3,
                "\u00c3":-3,
                "\u00c4":-3,
                "\u00c5":-3,
                "\u00c6":-5,
                "\u00c7":-3,
                "\u00c8":-3,
                "\u00c9":-3,
                "\u00ca":-3,
                "\u00cb":-3,
                "\u00cc":-2,
                "\u00cd":-2,
                "\u00ce":-2,
                "\u00cf":-2,
                "\u00d0":-3.5,
                "\u00d1":-3,
                "\u00d2":-3,
                "\u00d3":-3,
                "\u00d4":-3,
                "\u00d5":-3,
                "\u00d6":-3,
                "\u00d7":-3,
                "\u00d8":-3,
                "\u00d9":-3,
                "\u00da":-3,
                "\u00db":-3,
                "\u00dc":-3,
                "\u00dd":-3,
                "\u00de":-3,
                "\u00df":-3,
                "\u00e0":-3,
                "\u00e1":-3,
                "\u00e2":-3,
                "\u00e3":-3,
                "\u00e4":-3,
                "\u00e5":-3,
                "\u00e6":-5,
                "\u00e7":-3,
                "\u00e8":-3,
                "\u00e9":-3,
                "\u00ea":-3,
                "\u00eb":-3,
                "\u00ec":-1.5,
                "\u00ed":-1.5,
                "\u00ee":-2,
                "\u00ef":-2,
                "\u00f0":-3,
                "\u00f1":-3,
                "\u00f2":-3,
                "\u00f3":-3,
                "\u00f4":-3,
                "\u00f5":-3,
                "\u00f6":-3,
                "\u00f7":-3,
                "\u00f8":-3,
                "\u00f9":-3,
                "\u00fa":-3,
                "\u00fb":-3,
                "\u00fc":-3,
                "\u00fd":-3,
                "\u00fe":-3,
                "\u00ff":-3,
                "\u0192":-3,
                "\u2591":-4,
                "\u2592":-4.5,
                "\u2593":-4.5,
                "\u2502":-3,
                "\u2524":-3,
                "\u2561":-3,
                "\u2562":-4,
                "\u2556":-4,
                "\u2555":-3,
                "\u2563":-4,
                "\u2551":-4,
                "\u2557":-4,
                "\u255d":-4,
                "\u255c":-4,
                "\u255b":-3,
                "\u2510":-3,
                "\u2514":-4.5,
                "\u2534":-4.5,
                "\u252c":-4.5,
                "\u251c":-4.5,
                "\u2500":-4.5,
                "\u253c":-4.5,
                "\u255e":-4.5,
                "\u255f":-4.5,
                "\u255a":-4.5,
                "\u2554":-4.5,
                "\u2569":-4.5,
                "\u2566":-4.5,
                "\u2560":-4.5,
                "\u2550":-4.5,
                "\u256c":-4.5,
                "\u2567":-4.5,
                "\u2568":-4.5,
                "\u2564":-4.5,
                "\u2565":-4.5,
                "\u2559":-4.5,
                "\u2558":-4.5,
                "\u2552":-4.5,
                "\u2553":-4.5,
                "\u256b":-4.5,
                "\u256a":-4.5,
                "\u2518":-3,
                "\u250c":-4.5,
                "\u2588":-4.5,
                "\u2584":-4.5,
                "\u258c":-2.5,
                "\u2590":-4.5,
                "\u2580":-4.5,
                "\u2205":-4,
                "\u2208":-3,
                "\u2261":-3.5,
                "\u2265":-3,
                "\u2264":-3,
                "\u2320":-4,
                "\u2321":-2.5,
                "\u2248":-3.5,
                "\u2219":-3,
                "\u221a":-3.5,
                "\u207f":-2.5,
                "\u25a0":-3,
                "\u0100":-3,
                "\u0101":-3,
                "\u0102":-3,
                "\u0103":-3,
                "\u0104":-3,
                "\u0105":-3,
                "\u0106":-3,
                "\u0107":-3,
                "\u0108":-3,
                "\u0109":-3,
                "\u010a":-3,
                "\u010b":-3,
                "\u010c":-3,
                "\u010d":-3,
                "\u010e":-3,
                "\u010f":-4,
                "\u0110":-3.5,
                "\u0111":-3.5,
                "\u0112":-3,
                "\u0113":-3,
                "\u0114":-3,
                "\u0115":-3,
                "\u0116":-3,
                "\u0117":-3,
                "\u0118":-3,
                "\u0119":-3,
                "\u011a":-3,
                "\u011b":-3,
                "\u011c":-3,
                "\u011d":-3,
                "\u1e20":-3,
                "\u1e21":-3,
                "\u011e":-3,
                "\u011f":-3,
                "\u0120":-3,
                "\u0121":-3,
                "\u0122":-3,
                "\u0123":-3,
                "\u0124":-3,
                "\u0125":-3,
                "\u0126":-4,
                "\u0127":-3.5,
                "\u0128":-2.5,
                "\u0129":-2.5,
                "\u012a":-2,
                "\u012b":-2,
                "\u012c":-2.5,
                "\u012d":-2.5,
                "\u012e":-2,
                "\u012f":-1.5,
                "\u0130":-2,
                "\u0131":-1,
                "\u0134":-3,
                "\u0135":-3,
                "\u0136":-3,
                "\u0137":-2.5,
                "\u0139":-3,
                "\u013a":-1.5,
                "\u013b":-3,
                "\u013c":-1.5,
                "\u013d":-3,
                "\u013e":-2,
                "\u013f":-3,
                "\u0140":-2,
                "\u0141":-3.5,
                "\u0142":-2.5,
                "\u0143":-3,
                "\u0144":-3,
                "\u0145":-3,
                "\u0146":-3,
                "\u0147":-3,
                "\u0148":-3,
                "\u014a":-3,
                "\u014b":-3,
                "\u014c":-3,
                "\u014d":-3,
                "\u014e":-3,
                "\u014f":-3,
                "\u0150":-3,
                "\u0151":-3,
                "\u0152":-5,
                "\u0153":-5,
                "\u0154":-3,
                "\u0155":-3,
                "\u0156":-3,
                "\u0157":-3,
                "\u0158":-3,
                "\u0159":-3,
                "\u015a":-3,
                "\u015b":-3,
                "\u015c":-3,
                "\u015d":-3,
                "\u015e":-3,
                "\u015f":-3,
                "\u0160":-3,
                "\u0161":-3,
                "\u0162":-3,
                "\u0163":-2,
                "\u0164":-3,
                "\u0165":-2.5,
                "\u0166":-3,
                "\u0167":-2,
                "\u0168":-3,
                "\u0169":-3,
                "\u016a":-3,
                "\u016b":-3,
                "\u016c":-3,
                "\u016d":-3,
                "\u016e":-3,
                "\u016f":-3,
                "\u0170":-3,
                "\u0171":-3,
                "\u0172":-3,
                "\u0173":-3,
                "\u0174":-3,
                "\u0175":-3,
                "\u0176":-3,
                "\u0177":-3,
                "\u0178":-3,
                "\u0179":-3,
                "\u017a":-3,
                "\u017b":-3,
                "\u017c":-3,
                "\u017d":-3,
                "\u017e":-3,
                "\u01fc":-5,
                "\u01fd":-5,
                "\u01fe":-3,
                "\u01ff":-3,
                "\u0218":-3,
                "\u0219":-3,
                "\u021a":-3,
                "\u021b":-2,
                "\u0386":-4,
                "\u0388":-4,
                "\u0389":-4,
                "\u038a":-3,
                "\u038c":-4,
                "\u038e":-4,
                "\u038f":-4,
                "\u0390":-3,
                "\u03aa":-2,
                "\u03ab":-3,
                "\u03ac":-3,
                "\u03ad":-3,
                "\u03ae":-3,
                "\u03af":-1.5,
                "\u03b0":-3,
                "\u03ca":-2,
                "\u03cb":-3,
                "\u03cc":-3,
                "\u03cd":-3,
                "\u03ce":-4,
                "\u0400":-3,
                "\u0401":-3,
                "\u0403":-3,
                "\u0407":-2,
                "\u040c":-3,
                "\u040d":-3,
                "\u040e":-3,
                "\u0419":-3,
                "\u0439":-3,
                "\u0450":-3,
                "\u0451":-3,
                "\u0452":-3.5,
                "\u0453":-2.5,
                "\u0457":-2,
                "\u045b":-3.5,
                "\u045c":-2.5,
                "\u045d":-3,
                "\u045e":-3,
                "\u045f":-3,
                "\u0490":-3,
                "\u0491":-3,
                "\u1e02":-3,
                "\u1e03":-3,
                "\u1e0a":-3,
                "\u1e0b":-3,
                "\u1e1e":-3,
                "\u1e1f":-2.5,
                "\u1e22":-3,
                "\u1e23":-3,
                "\u1e30":-3,
                "\u1e31":-2.5,
                "\u1e40":-3,
                "\u1e41":-3,
                "\u1e56":-3,
                "\u1e57":-3,
                "\u1e60":-3,
                "\u1e61":-3,
                "\u1e6a":-3,
                "\u1e6b":-2,
                "\u1e80":-3,
                "\u1e81":-3,
                "\u1e82":-3,
                "\u1e83":-3,
                "\u1e84":-3,
                "\u1e85":-3,
                "\u1ef2":-3,
                "\u1ef3":-3,
                "\u0149":-4,
                "\u01e7":-3,
                "\u01eb":-3,
                "\u040f":-3,
                "\u1e0d":-3,
                "\u1e25":-3,
                "\u1e5b":-3,
                "\u1e6d":-2,
                "\u1e92":-3,
                "\u1eca":-2,
                "\u1ecb":-1,
                "\u1ecc":-3,
                "\u1ecd":-3,
                "\u1ee4":-3,
                "\u1ee5":-3,
                "\u2116":-5,
                "\u0207":-3,
                "\u0194":-3,
                "\u0263":-3,
                "\u0283":-3,
                "\u2047":-5,
                "\u01f1":-5,
                "\u01f2":-5,
                "\u01f3":-5,
                "\u01c4":-5,
                "\u01c5":-5,
                "\u01c6":-5,
                "\u01c7":-5,
                "\u01c8":-5,
                "\u01ca":-5,
                "\u01cb":-5,
                "\u01cc":-5,
                "\u2139":-5,
                "\u1d6b":-5,
                "\ua732":-5,
                "\ua733":-5,
                "\ua734":-5,
                "\ua735":-5,
                "\ua736":-5,
                "\ua737":-5,
                "\ua738":-5,
                "\ua73a":-5,
                "\ua73c":-5,
                "\ua73d":-4.5,
                "\ua74e":-5,
                "\ua74f":-5,
                "\ua760":-3,
                "\ua761":-3,
                "\ufb04":-5,
                "\ufb06":-5,
                "\u16a1":-2.5,
                "\u16b5":-2.5,
                "\u01a0":-4,
                "\u01a1":-4,
                "\u01af":-4,
                "\u01b0":-4,
                "\u1eae":-3,
                "\u1eaf":-3,
                "\u1ea4":-3,
                "\u1ea5":-3,
                "\u1ebe":-3,
                "\u1ebf":-3,
                "\u1ed1":-3,
                "\u1eda":-4,
                "\u1edb":-4,
                "\u1ee8":-4,
                "\u1ee9":-4,
                "\u1eb0":-3,
                "\u1eb1":-3,
                "\u1ea6":-3,
                "\u1ea7":-3,
                "\u1ec0":-3,
                "\u1ec1":-3,
                "\u1ed3":-3,
                "\u1edc":-4,
                "\u1edd":-4,
                "\u1eea":-4,
                "\u1eeb":-4,
                "\u1ea2":-3,
                "\u1ea3":-3,
                "\u1eb2":-3,
                "\u1eb3":-3,
                "\u1ea8":-3,
                "\u1ea9":-3,
                "\u1eba":-3,
                "\u1ebb":-3,
                "\u1ed5":-3,
                "\u1ede":-4,
                "\u1ec2":-3,
                "\u1ec3":-3,
                "\u1ec8":-2,
                "\u1ec9":-2,
                "\u1ece":-3,
                "\u1ecf":-3,
                "\u1ed4":-3,
                "\u1edf":-4,
                "\u1ee6":-3,
                "\u1ee7":-3,
                "\u1eec":-4,
                "\u1eed":-4,
                "\u1ef6":-3,
                "\u1ef7":-3,
                "\u1ea0":-3,
                "\u1ea1":-3,
                "\u1eb6":-3,
                "\u1eb7":-3,
                "\u1eac":-3,
                "\u1ead":-3,
                "\u1eb8":-3,
                "\u1eb9":-3,
                "\u1ec6":-3,
                "\u1ec7":-3,
                "\u1ed8":-3,
                "\u1ed9":-3,
                "\u1ee2":-4,
                "\u1ee3":-4,
                "\u1ef0":-4,
                "\u1ef1":-4,
                "\u1ef4":-3,
                "\u1ef5":-3,
                "\u1ed0":-3,
                "\u0195":-4.5,
                "\u1eaa":-3,
                "\u1eab":-3,
                "\u1ed6":-3,
                "\u1ed7":-3,
                "\u1eef":-4,
                "\u261e":-5,
                "\u261c":-5,
                "\u262e":-5,
                "\u1eb4":-3,
                "\u1eb5":-3,
                "\u1ebc":-3,
                "\u1ebd":-3,
                "\u1ec4":-3,
                "\u1ec5":-3,
                "\u1ed2":-3,
                "\u1ee0":-4,
                "\u1ee1":-4,
                "\u1eee":-4,
                "\u1ef8":-3,
                "\u1ef9":-3,
                "\u0498":-3,
                "\u0499":-3,
                "\u04a0":-3.5,
                "\u04a1":-3,
                "\u04aa":-3,
                "\u04ab":-3,
                "\u01f6":-4.5,
                "\u26a0":-5,
                "\u24ea":-5,
                "\u2460":-5,
                "\u2461":-5,
                "\u2462":-5,
                "\u2463":-5,
                "\u2464":-5,
                "\u2465":-5,
                "\u2466":-5,
                "\u2467":-5,
                "\u2468":-5,
                "\u2469":-5,
                "\u246a":-5,
                "\u246b":-5,
                "\u246c":-5,
                "\u246d":-5,
                "\u246e":-5,
                "\u246f":-5,
                "\u2470":-5,
                "\u2471":-5,
                "\u2472":-5,
                "\u2473":-5,
                "\u24b6":-5,
                "\u24b7":-5,
                "\u24b8":-5,
                "\u24b9":-5,
                "\u24ba":-5,
                "\u24bb":-5,
                "\u24bc":-5,
                "\u24bd":-5,
                "\u24be":-5,
                "\u24bf":-5,
                "\u24c0":-5,
                "\u24c1":-5,
                "\u24c2":-5,
                "\u24c3":-5,
                "\u24c4":-5,
                "\u24c5":-5,
                "\u24c6":-5,
                "\u24c7":-5,
                "\u24c8":-5,
                "\u24c9":-5,
                "\u24ca":-5,
                "\u24cb":-5,
                "\u24cc":-5,
                "\u24cd":-5,
                "\u24ce":-5,
                "\u24cf":-5,
                "\u24d0":-5,
                "\u24d1":-5,
                "\u24d2":-5,
                "\u24d3":-5,
                "\u24d4":-5,
                "\u24d5":-5,
                "\u24d6":-5,
                "\u24d7":-5,
                "\u24d8":-5,
                "\u24d9":-5,
                "\u24da":-5,
                "\u24db":-5,
                "\u24dc":-5,
                "\u24dd":-5,
                "\u24de":-5,
                "\u24df":-5,
                "\u24e0":-5,
                "\u24e1":-5,
                "\u24e2":-5,
                "\u24e3":-5,
                "\u24e4":-5,
                "\u24e5":-5,
                "\u24e6":-5,
                "\u24e7":-5,
                "\u24e8":-5,
                "\u24e9":-5,
                "\u0327":-1.5,
                "\u0282":-3,
                "\u0290":-3.5,
                "\u0276":-5,
                "\u01cd":-3,
                "\u01ce":-3,
                "\u01de":-3,
                "\u01df":-3,
                "\u01fa":-3,
                "\u01fb":-3,
                "\u0202":-3,
                "\u0203":-3,
                "\u0226":-3,
                "\u0227":-3,
                "\u01e0":-3,
                "\u01e1":-3,
                "\u1e00":-3,
                "\u1e01":-3,
                "\u0200":-3,
                "\u0201":-3,
                "\u1e06":-3,
                "\u1e07":-3,
                "\u1e04":-3,
                "\u1e05":-3,
                "\u1d6c":-4,
                "\u1e08":-3,
                "\u1e09":-3,
                "\u1e10":-3,
                "\u1e11":-3,
                "\u1e12":-3,
                "\u1e13":-3,
                "\u1e0e":-3,
                "\u1e0f":-3,
                "\u1e0c":-3,
                "\u1d6d":-4,
                "\u1e14":-3,
                "\u1e15":-3,
                "\u1e16":-3,
                "\u1e17":-3,
                "\u1e18":-3,
                "\u1e19":-3,
                "\u1e1c":-3,
                "\u1e1d":-3,
                "\u0228":-3,
                "\u0229":-3,
                "\u1e1a":-3,
                "\u1e1b":-3,
                "\u0204":-3,
                "\u0205":-3,
                "\u0206":-3,
                "\u1d6e":-3,
                "\u01f4":-3,
                "\u01f5":-3,
                "\u01e6":-3,
                "\u1e26":-3,
                "\u1e27":-3,
                "\u1e28":-3,
                "\u1e29":-3,
                "\u1e2a":-3,
                "\u1e2b":-3,
                "\u021e":-3,
                "\u021f":-3,
                "\u1e24":-3,
                "\u1e96":-3,
                "\u1e2e":-2,
                "\u1e2f":-2,
                "\u020a":-2.5,
                "\u020b":-2.5,
                "\u01cf":-2,
                "\u01d0":-2,
                "\u0208":-3,
                "\u0209":-3,
                "\u1e2c":-2.5,
                "\u1e2d":-2.5,
                "\u01f0":-3,
                "\u0237":-3,
                "\u01e8":-3,
                "\u01e9":-2.5,
                "\u1e32":-3,
                "\u1e33":-2.5,
                "\u1e34":-3,
                "\u1e35":-2.5,
                "\u1e3a":-3,
                "\u1e3b":-2,
                "\u1e3c":-3,
                "\u1e3d":-2,
                "\u1e36":-3,
                "\u1e37":-1.5,
                "\u1e38":-3,
                "\u1e39":-2,
                "\u2c62":-4,
                "\u1e3e":-3,
                "\u1e3f":-3,
                "\u1e42":-3,
                "\u1e43":-3,
                "\u1d6f":-4,
                "\u1e44":-3,
                "\u1e45":-3,
                "\u1e46":-3,
                "\u1e47":-3,
                "\u1e4a":-3,
                "\u1e4b":-3,
                "\u01f8":-3,
                "\u01f9":-3,
                "\u1e48":-3,
                "\u1e49":-3,
                "\u1d70":-4,
                "\u01ec":-3,
                "\u01ed":-3,
                "\u022c":-3,
                "\u022d":-3,
                "\u1e4c":-3,
                "\u1e4d":-3,
                "\u1e4e":-3,
                "\u1e4f":-3,
                "\u1e50":-3,
                "\u1e51":-3,
                "\u1e52":-3,
                "\u1e53":-3,
                "\u020e":-3,
                "\u020f":-3,
                "\u022a":-3,
                "\u022b":-3,
                "\u01d1":-3,
                "\u01d2":-3,
                "\u022e":-3,
                "\u022f":-3,
                "\u0230":-3,
                "\u0231":-3,
                "\u020c":-3,
                "\u020d":-3,
                "\u01ea":-3,
                "\u1e54":-3,
                "\u1e55":-3,
                "\u1d71":-4,
                "\u0212":-3,
                "\u0213":-3,
                "\u1e58":-3,
                "\u1e59":-3,
                "\u1e5c":-3,
                "\u1e5d":-3,
                "\u1e5e":-3,
                "\u1e5f":-3,
                "\u0210":-3,
                "\u0211":-3,
                "\u1e5a":-3,
                "\u1d73":-4,
                "\u1d72":-4,
                "\u1e64":-3,
                "\u1e65":-3,
                "\u1e66":-3,
                "\u1e67":-3,
                "\u1e62":-3,
                "\u1e63":-3,
                "\u1e68":-3,
                "\u1e69":-3,
                "\u1d74":-4,
                "\u1e70":-3,
                "\u1e71":-2,
                "\u1e6e":-3,
                "\u1e6f":-2,
                "\u1e6c":-3,
                "\u1e97":-2,
                "\u1d75":-3,
                "\u1e72":-3,
                "\u1e73":-3,
                "\u1e76":-3,
                "\u1e77":-3,
                "\u1e78":-3,
                "\u1e79":-3,
                "\u1e7a":-3,
                "\u1e7b":-3,
                "\u01d3":-3,
                "\u01d4":-3,
                "\u01d5":-3,
                "\u01d6":-3,
                "\u01d7":-3,
                "\u01d8":-3,
                "\u01d9":-3,
                "\u01da":-3,
                "\u01db":-3,
                "\u01dc":-3,
                "\u1e74":-3,
                "\u1e75":-3,
                "\u0214":-3,
                "\u0215":-3,
                "\u0216":-3,
                "\u1e7e":-3,
                "\u1e7f":-3,
                "\u1e7c":-3,
                "\u1e7d":-3,
                "\u1e86":-3,
                "\u1e87":-3,
                "\u1e88":-3,
                "\u1e89":-3,
                "\u1e98":-3,
                "\u1e8c":-3,
                "\u1e8d":-3,
                "\u1e8a":-3,
                "\u1e8b":-3,
                "\u0232":-3,
                "\u0233":-3,
                "\u1e8e":-3,
                "\u1e8f":-3,
                "\u1e99":-3,
                "\u1e94":-3,
                "\u1e95":-3,
                "\u1e90":-3,
                "\u1e91":-3,
                "\u1e93":-3,
                "\u1d76":-3,
                "\u01ee":-3,
                "\u01ef":-3,
                "\u1e9b":-2,
                "\ua73e":-3,
                "\ua73f":-3,
                "\u01e2":-5,
                "\u01e3":-5,
                "\u1d7a":-4.5,
                "\u1efb":-3.5,
                "\u1d02":-5,
                "\u1d14":-5,
                "\uab63":-5,
                "\u0238":-5,
                "\u02a3":-5,
                "\u02a5":-5,
                "\u02a4":-5,
                "\u02a9":-5,
                "\u02aa":-4,
                "\u02ab":-4,
                "\u0239":-5,
                "\u02a8":-4.5,
                "\u02a6":-4.5,
                "\u02a7":-4,
                "\uab50":-3,
                "\uab51":-3,
                "\u20a7":-5,
                "\u1efa":-4,
                "\ufb2e":-3,
                "\ufb2f":-3,
                "\u0180":-3.5,
                "\u0182":-3,
                "\u0183":-3,
                "\u0187":-3.5,
                "\u0188":-3.5,
                "\u018a":-4,
                "\u018b":-3,
                "\u018c":-3,
                "\u0193":-3.5,
                "\u01e4":-3.5,
                "\u01e5":-3.5,
                "\u0197":-2,
                "\u0196":-2,
                "\u0269":-1.5,
                "\u0198":-3,
                "\u0199":-2.5,
                "\u019d":-3.5,
                "\u01a4":-4,
                "\u01a5":-3,
                "\u027d":-3,
                "\u01a6":-3,
                "\u01ac":-3.5,
                "\u01ad":-2,
                "\u01ab":-2,
                "\u01ae":-3,
                "\u0217":-3,
                "\u01b1":-3,
                "\u019c":-3,
                "\u01b3":-3.5,
                "\u01b4":-4,
                "\u01b5":-3,
                "\u01b6":-3,
                "\u01a2":-4,
                "\u01a3":-4,
                "\u0222":-3,
                "\u0223":-3,
                "\u02ad":-3,
                "\u02ae":-3.5,
                "\u02af":-4,
                "\ufb14":-5,
                "\ufb15":-5,
                "\ufb17":-5,
                "\ufb16":-5,
                "\ufb13":-5,
                "\u04d0":-3,
                "\u04d1":-3,
                "\u04d2":-3,
                "\u04d3":-3,
                "\u04f6":-3,
                "\u04f7":-2.5,
                "\u0494":-3,
                "\u0495":-2.5,
                "\u04d6":-3,
                "\u04d7":-3,
                "\u04bc":-4,
                "\u04bd":-4,
                "\u04be":-4,
                "\u04bf":-4,
                "\u04da":-3,
                "\u04db":-3,
                "\u04dc":-4,
                "\u04dd":-3,
                "\u04c1":-4,
                "\u04c2":-3,
                "\u04de":-3,
                "\u04df":-3,
                "\u04e2":-3,
                "\u04e3":-3,
                "\u04e4":-3,
                "\u04e5":-3,
                "\u04e6":-3,
                "\u04e7":-3,
                "\u04ea":-3,
                "\u04eb":-3,
                "\u04f0":-3,
                "\u04f1":-3,
                "\u04ee":-3,
                "\u04ef":-3,
                "\u04f2":-3,
                "\u04f3":-3,
                "\u04f4":-3,
                "\u04f5":-3,
                "\u04f8":-4,
                "\u04f9":-3.5,
                "\u04ec":-3,
                "\u04ed":-3,
                "\u0476":-3.5,
                "\u0477":-3.5,
                "\u04d4":-5,
                "\u04fa":-3.5,
                "\u0502":-4.5,
                "\ua682":-3,
                "\ua680":-3.5,
                "\ua688":-3.5,
                "\u052a":-5,
                "\u052c":-3.5,
                "\ua684":-5,
                "\u0504":-4,
                "\u0510":-3,
                "\u04e0":-3,
                "\u0506":-3.5,
                "\u048a":-3.5,
                "\u04c3":-3,
                "\u049e":-3.5,
                "\u049c":-3,
                "\u051e":-3,
                "\u051a":-3,
                "\u04c5":-3.5,
                "\u052e":-3.5,
                "\u0512":-3,
                "\u0520":-4.5,
                "\u0508":-4.5,
                "\u0514":-4.5,
                "\u04cd":-3.5,
                "\u04c9":-3.5,
                "\u0528":-3.5,
                "\u04c7":-3,
                "\u04a4":-3.5,
                "\u0522":-4.5,
                "\u050a":-4.5,
                "\u04a8":-3.5,
                "\u0524":-3.5,
                "\u04a6":-4.5,
                "\u048e":-3,
                "\u0516":-4.5,
                "\u050c":-3,
                "\ua690":-3,
                "\u04ac":-3,
                "\ua68a":-3.5,
                "\ua68c":-3,
                "\u050e":-3.5,
                "\u04b2":-3.5,
                "\u04fc":-3,
                "\u04fe":-3,
                "\u0526":-3.5,
                "\ua694":-3,
                "\u04b4":-4,
                "\ua68e":-3.5,
                "\u04b6":-3.5,
                "\u04cb":-3,
                "\u04b8":-3,
                "\ua692":-3.5,
                "\ua696":-4.5,
                "\ua686":-3,
                "\u048c":-3.5,
                "\u0518":-5,
                "\u051c":-3,
                "\u04d5":-5,
                "\u04fb":-3,
                "\u0503":-4.5,
                "\ua683":-3,
                "\ua681":-3.5,
                "\ua689":-3.5,
                "\u052b":-5,
                "\u052d":-3.5,
                "\ua685":-4.5,
                "\u0505":-4,
                "\u0511":-3,
                "\u04e1":-3,
                "\u0507":-3.5,
                "\u048b":-3.5,
                "\u04c4":-2.5,
                "\u049f":-3,
                "\u049d":-3,
                "\u051f":-3,
                "\u051b":-3,
                "\u04c6":-3.5,
                "\u052f":-3.5,
                "\u0513":-3,
                "\u0521":-4.5,
                "\u0509":-4.5,
                "\u0515":-4.5,
                "\u04ce":-3.5,
                "\u04ca":-3.5,
                "\u0529":-3.5,
                "\u04c8":-3,
                "\u04a5":-3.5,
                "\u0523":-4.5,
                "\u050b":-4.5,
                "\u04a9":-3.5,
                "\u0525":-3.5,
                "\u04a7":-4.5,
                "\u048f":-3,
                "\u0517":-4.5,
                "\u050d":-3,
                "\ua691":-3,
                "\u04ad":-3,
                "\ua68b":-3.5,
                "\ua68d":-3,
                "\u050f":-3.5,
                "\u04b3":-3.5,
                "\u04fd":-3,
                "\u04ff":-3,
                "\u0527":-3.5,
                "\ua695":-3,
                "\u04b5":-3.5,
                "\ua68f":-3,
                "\u04b7":-3.5,
                "\u04cc":-3,
                "\u04b9":-3,
                "\ua693":-3.5,
                "\ua697":-3.5,
                "\ua687":-3,
                "\u048d":-3.5,
                "\u0519":-5,
                "\u051d":-3,
                "\u1f08":-4.5,
                "\u1f00":-3,
                "\u1f09":-4.5,
                "\u1f01":-3,
                "\u1f0a":-5,
                "\u1f02":-3,
                "\u1f0b":-5,
                "\u1f03":-3,
                "\u1f0c":-5,
                "\u1f04":-3,
                "\u1f0d":-5,
                "\u1f05":-3.5,
                "\u1f0e":-4.5,
                "\u1f06":-3,
                "\u1f0f":-4.5,
                "\u1f07":-3,
                "\u1fba":-4.5,
                "\u1f70":-3,
                "\u1fb8":-3,
                "\u1fb0":-3,
                "\u1fb9":-3,
                "\u1fb1":-3,
                "\u1fbb":-4.5,
                "\u1f71":-3,
                "\u1f88":-4.5,
                "\u1f80":-3,
                "\u1f89":-4.5,
                "\u1f81":-3,
                "\u1f8a":-5,
                "\u1f82":-3,
                "\u1f8b":-5,
                "\u1f83":-3,
                "\u1f8c":-5,
                "\u1f84":-3,
                "\u1f8d":-5,
                "\u1f85":-3,
                "\u1f8e":-4.5,
                "\u1f86":-3,
                "\u1f8f":-4.5,
                "\u1f87":-3,
                "\u1fbc":-3,
                "\u1fb4":-3,
                "\u1fb6":-3,
                "\u1fb7":-3,
                "\u1fb2":-3,
                "\u1fb3":-3,
                "\u1f18":-4.5,
                "\u1f10":-3,
                "\u1f19":-4.5,
                "\u1f11":-3,
                "\u1f1a":-5,
                "\u1f12":-3,
                "\u1f1b":-5,
                "\u1f13":-3,
                "\u1f1c":-5,
                "\u1f14":-3,
                "\u1f1d":-5,
                "\u1f15":-3,
                "\u1fc8":-4.5,
                "\u1fc9":-4.5,
                "\u1f72":-3,
                "\u1f73":-3,
                "\u1f28":-4.5,
                "\u1f20":-3,
                "\u1fca":-4.5,
                "\u1f74":-3,
                "\u1f29":-4.5,
                "\u1f21":-3,
                "\u1f2a":-5,
                "\u1f22":-3,
                "\u1f2b":-5,
                "\u1f23":-3,
                "\u1f2c":-5,
                "\u1f24":-3,
                "\u1f2d":-5,
                "\u1f25":-3,
                "\u1f2e":-4.5,
                "\u1f26":-3,
                "\u1f2f":-4.5,
                "\u1f27":-3,
                "\u1f98":-4.5,
                "\u1f90":-3,
                "\u1f99":-4.5,
                "\u1f91":-3,
                "\u1f9a":-5,
                "\u1f92":-3,
                "\u1f9b":-5,
                "\u1f93":-3,
                "\u1f9c":-5,
                "\u1f94":-3,
                "\u1f9d":-5,
                "\u1f95":-3,
                "\u1f9e":-4.5,
                "\u1f96":-3,
                "\u1f9f":-4.5,
                "\u1f97":-3,
                "\u1fcb":-4.5,
                "\u1f75":-3,
                "\u1fcc":-3,
                "\u1fc3":-3,
                "\u1fc2":-3,
                "\u1fc4":-3,
                "\u1fc6":-3,
                "\u1fc7":-3,
                "\u1fda":-3.5,
                "\u1f76":-2,
                "\u1fdb":-3.5,
                "\u1f77":-1.5,
                "\u1f38":-3.5,
                "\u1f30":-2,
                "\u1f39":-5,
                "\u1f31":-1.5,
                "\u1f3a":-4.5,
                "\u1f32":-3,
                "\u1f3b":-4,
                "\u1f33":-3,
                "\u1f3c":-4.5,
                "\u1f34":-3,
                "\u1f3d":-4,
                "\u1f35":-3,
                "\u1f3e":-3.5,
                "\u1f36":-2.5,
                "\u1f3f":-3.5,
                "\u1f37":-2.5,
                "\u1fd8":-2.5,
                "\u1fd0":-2.5,
                "\u1fd9":-2,
                "\u1fd1":-2,
                "\u1fd2":-2,
                "\u1fd3":-2,
                "\u1fd6":-2.5,
                "\u1fd7":-2.5,
                "\u1ff8":-4.5,
                "\u1f78":-3,
                "\u1ff9":-4.5,
                "\u1f79":-3,
                "\u1f48":-4.5,
                "\u1f40":-3,
                "\u1f49":-4.5,
                "\u1f41":-3,
                "\u1f4a":-5,
                "\u1f42":-3,
                "\u1f4b":-5,
                "\u1f43":-3,
                "\u1f4c":-5,
                "\u1f44":-3,
                "\u1f4d":-5,
                "\u1f45":-3,
                "\u1fec":-4.5,
                "\u1fe4":-3,
                "\u1fe5":-3,
                "\u1fea":-4.5,
                "\u1f7a":-3,
                "\u1feb":-4.5,
                "\u1f7b":-3,
                "\u1f59":-4.5,
                "\u1f51":-3,
                "\u1f5b":-5,
                "\u1f53":-3,
                "\u1f5d":-5,
                "\u1f55":-3,
                "\u1f5f":-4.5,
                "\u1f57":-3,
                "\u1fe8":-3,
                "\u1fe0":-3,
                "\u1fe9":-3,
                "\u1fe1":-3,
                "\u03d3":-5,
                "\u03d4":-3.5,
                "\u1fe2":-3,
                "\u1fe3":-3,
                "\u1fe7":-3,
                "\u1f50":-3,
                "\u1f52":-3,
                "\u1f54":-3,
                "\u1fe6":-3,
                "\u1f56":-3,
                "\u1ffa":-4.5,
                "\u1f7c":-4,
                "\u1ffb":-4.5,
                "\u1f7d":-4,
                "\u1f68":-4.5,
                "\u1f60":-4,
                "\u1f69":-4.5,
                "\u1f61":-4,
                "\u1f6a":-5,
                "\u1f62":-4,
                "\u1f6b":-5,
                "\u1f63":-4,
                "\u1f6c":-5,
                "\u1f64":-4,
                "\u1f6d":-5,
                "\u1f65":-4,
                "\u1f6e":-4.5,
                "\u1f66":-4,
                "\u1f6f":-5,
                "\u1f67":-4,
                "\u1fa8":-4.5,
                "\u1fa0":-4,
                "\u1fa9":-4.5,
                "\u1fa1":-4,
                "\u1faa":-5,
                "\u1fa2":-4,
                "\u1fab":-5,
                "\u1fa3":-4,
                "\u1fac":-5,
                "\u1fa4":-4,
                "\u1fad":-5,
                "\u1fa5":-4,
                "\u1fae":-4.5,
                "\u1fa6":-4,
                "\u1faf":-5,
                "\u1fa7":-4,
                "\u1ffc":-3,
                "\u1ff3":-4,
                "\u1ff2":-4,
                "\u1ff4":-4,
                "\u1ff6":-4,
                "\u1ff7":-4,
                "\u262f":-5,
                "\u2610":-5,
                "\u2611":-5,
                "\u2612":-5,
                "\u018d":-3,
                "\u01ba":-3,
                "\u2c7e":-3,
                "\u023f":-3,
                "\u2c7f":-3,
                "\u0240":-3,
                "\u1d80":-3,
                "\ua7c4":-3,
                "\ua794":-3,
                "\u1d81":-3.5,
                "\u1d82":-2.5,
                "\u1d83":-3.5,
                "\ua795":-3.5,
                "\u1d84":-3,
                "\u1d85":-1.5,
                "\u1d86":-3.5,
                "\u1d87":-3.5,
                "\u1d88":-3,
                "\u1d89":-3,
                "\u1d8a":-3,
                "\u1d8b":-3,
                "\u1d8c":-3,
                "\u1d8d":-3.5,
                "\ua7c6":-3.5,
                "\u1d8e":-3.5,
                "\u1d8f":-3.5,
                "\u1d90":-3.5,
                "\u1d92":-3.5,
                "\u1d93":-3.5,
                "\u1d94":-3,
                "\u1d95":-3.5,
                "\u1d96":-1.5,
                "\u1d97":-3.5,
                "\u1d98":-3,
                "\u1d99":-3.5,
                "\u1d9a":-3,
                "\u1e9a":-3,
                "\u2152":-5,
                "\u2158":-5,
                "\u20a8":-5,
                "\u20af":-5,
                "\u2030":-4,
                "\u20b4":-4,
                "\u2260":-3,
                "\u04bb":-3,
                "\u0391":-3,
                "\u0392":-3,
                "\u0393":-3,
                "\u0394":-3,
                "\u0395":-3,
                "\u0396":-3,
                "\u0397":-3,
                "\u0398":-3,
                "\u0399":-2,
                "\u039a":-3,
                "\u039b":-3,
                "\u039c":-3,
                "\u039d":-3,
                "\u039e":-3,
                "\u039f":-3,
                "\u03a0":-3,
                "\u03a1":-3,
                "\u03a3":-3,
                "\u03a4":-3,
                "\u03a5":-3,
                "\u03a6":-3,
                "\u03a7":-3,
                "\u03a8":-3,
                "\u03a9":-3,
                "\u03b1":-3,
                "\u03b2":-3,
                "\u03b3":-3,
                "\u03b4":-3,
                "\u03b5":-3,
                "\u03b6":-3,
                "\u03b7":-3,
                "\u03b8":-3,
                "\u03b9":-1.5,
                "\u03ba":-2.5,
                "\u03bb":-3,
                "\u03bc":-3,
                "\u03bd":-3,
                "\u03be":-3,
                "\u03bf":-3,
                "\u03c0":-3,
                "\u03c1":-3,
                "\u03c2":-3,
                "\u03c3":-3.5,
                "\u03c4":-3,
                "\u03c5":-3,
                "\u03c6":-3,
                "\u03c7":-3,
                "\u03c8":-3,
                "\u03c9":-4,
                "\u0402":-4,
                "\u0405":-3,
                "\u0406":-2,
                "\u0408":-3,
                "\u0409":-4,
                "\u040a":-3.5,
                "\u040b":-3.5,
                "\u0410":-3,
                "\u0411":-3,
                "\u0412":-3,
                "\u0413":-3,
                "\u0414":-3.5,
                "\u0415":-3,
                "\u0416":-4,
                "\u0417":-3,
                "\u0418":-3,
                "\u041a":-3,
                "\u041b":-3,
                "\u041c":-3,
                "\u041d":-3,
                "\u041e":-3,
                "\u041f":-3,
                "\u0420":-3,
                "\u0421":-3,
                "\u0422":-3,
                "\u0423":-3,
                "\u0424":-4,
                "\u0425":-3,
                "\u0426":-3.5,
                "\u0427":-3,
                "\u0428":-4,
                "\u0429":-4.5,
                "\u042a":-3.5,
                "\u042b":-4,
                "\u042c":-3,
                "\u042d":-3,
                "\u042e":-4,
                "\u042f":-3,
                "\u0430":-3,
                "\u0431":-3,
                "\u0432":-3,
                "\u0433":-2.5,
                "\u0434":-3.5,
                "\u0435":-3,
                "\u0436":-3,
                "\u0437":-3,
                "\u0438":-3,
                "\u043a":-2.5,
                "\u043b":-3,
                "\u043c":-3,
                "\u043d":-3,
                "\u043e":-3,
                "\u043f":-3,
                "\u0440":-3,
                "\u0441":-3,
                "\u0442":-3,
                "\u0443":-3,
                "\u0444":-3,
                "\u0445":-3,
                "\u0446":-3,
                "\u0447":-3,
                "\u0448":-3,
                "\u0449":-3.5,
                "\u044a":-3.5,
                "\u044b":-3.5,
                "\u044c":-3,
                "\u044d":-3,
                "\u044e":-4,
                "\u044f":-3,
                "\u0454":-3,
                "\u0455":-3,
                "\u0456":-1,
                "\u0458":-3,
                "\u0459":-4,
                "\u045a":-3.5,
                "\u2013":-3.5,
                "\u2014":-4.5,
                "\u2018":-1.5,
                "\u2019":-1.5,
                "\u201c":-2.5,
                "\u201d":-2.5,
                "\u201e":-2.5,
                "\u2026":-4,
                "\u204a":-2.5,
                "\u2190":-4,
                "\u2191":-3,
                "\u2192":-4,
                "\u2193":-3,
                "\u21c4":-4,
                "\uff0b":-3,
                "\u018f":-3,
                "\u0259":-3,
                "\u025b":-3,
                "\u026a":-2,
                "\u04ae":-3,
                "\u04af":-3,
                "\u04e8":-3,
                "\u04e9":-3,
                "\u02bb":-1,
                "\u02cc":-1,
                "\u037e":-1,
                "\u0138":-2.5,
                "\u1e9e":-3,
                "\u20bd":-3.5,
                "\u20ac":-3.5,
                "\u0462":-3.5,
                "\u0463":-3.5,
                "\u0474":-3.5,
                "\u0475":-3.5,
                "\u04c0":-2,
                "\u0472":-3,
                "\u0473":-3,
                "\u2070":-2.5,
                "\u2074":-2.5,
                "\u2075":-2.5,
                "\u2076":-2.5,
                "\u2077":-2.5,
                "\u2078":-2.5,
                "\u2079":-2.5,
                "\u207a":-2,
                "\u207b":-2,
                "\u207c":-2,
                "\u207d":-1.5,
                "\u207e":-1.5,
                "\u2071":-1,
                "\u2122":-4.5,
                "\u0294":-3,
                "\u0295":-3,
                "\u29c8":-4,
                "\u2694":-4,
                "\u2620":-4,
                "\u049a":-3.5,
                "\u049b":-3,
                "\u0492":-3.5,
                "\u0493":-3,
                "\u04b0":-3,
                "\u04b1":-3,
                "\u04d8":-3,
                "\u04d9":-3,
                "\u0496":-4.5,
                "\u0497":-3.5,
                "\u04a2":-3.5,
                "\u04a3":-3.5,
                "\u04ba":-3,
                "\u05d0":-3,
                "\u05d1":-3,
                "\u05d2":-2.5,
                "\u05d3":-3,
                "\u05d4":-3,
                "\u05d5":-1,
                "\u05d6":-2,
                "\u05d7":-3,
                "\u05d8":-3,
                "\u05d9":-1,
                "\u05db":-3,
                "\u05dc":-3,
                "\u05de":-3,
                "\u05dd":-3,
                "\u05e0":-2,
                "\u05df":-1,
                "\u05e1":-3,
                "\u05e2":-3,
                "\u05e4":-3,
                "\u05e3":-3,
                "\u05e6":-3,
                "\u05e5":-3,
                "\u05e7":-3,
                "\u05e8":-3,
                "\u0387":-1,
                "\u2010":-2,
                "\u201a":-1.5,
                "\u2020":-3,
                "\u2021":-3,
                "\u2022":-1.5,
                "\u2031":-4.5,
                "\u2032":-1.5,
                "\u2033":-2.5,
                "\u2034":-3.5,
                "\u2035":-1.5,
                "\u2036":-2.5,
                "\u2037":-3.5,
                "\u2039":-2,
                "\u203a":-2,
                "\u203b":-4,
                "\u203c":-2,
                "\u203d":-3,
                "\u2042":-4,
                "\u2048":-4,
                "\u2049":-4,
                "\u204b":-3.5,
                "\u204e":-2,
                "\u204f":-1,
                "\u2051":-2,
                "\u2052":-2,
                "\u2057":-4.5,
                "\u2117":-4,
                "\u2212":-3,
                "\u2213":-3,
                "\u221e":-4,
                "\u2600":-4.5,
                "\u2601":-4.5,
                "\u2608":-4,
                "\u0404":-3,
                "\u2632":-3,
                "\u2635":-3,
                "\u263d":-4.5,
                "\u2640":-2,
                "\u2642":-3,
                "\u26a5":-3,
                "\u2660":-3,
                "\u2663":-3,
                "\u2665":-3,
                "\u2666":-3,
                "\u2669":-2,
                "\u266a":-3,
                "\u266b":-4,
                "\u266c":-4,
                "\u266d":-2,
                "\u266e":-2,
                "\u266f":-3,
                "\u2680":-4,
                "\u2681":-4,
                "\u2682":-4,
                "\u2683":-4,
                "\u2684":-4,
                "\u2685":-4,
                "\u02ac":-3,
                "\u26a1":-3,
                "\u26cf":-4.5,
                "\u2714":-3.5,
                "\u2744":-4,
                "\u274c":-3.5,
                "\u2764":-4,
                "\u2b50":-4,
                "\u2e18":-3,
                "\u2e2e":-3,
                "\u2e35":-1,
                "\u2e38":-3,
                "\u2e41":-1,
                "\u2e4b":-3,
                "\u295d":-3,
                "\u1614":-3,
                "\u0190":-3,
                "\u07c8":-3,
                "\u03db":-3,
                "\u3125":-3,
                "\u2c6f":-3,
                "\u15fa":-3,
                "\u0186":-3,
                "\u15e1":-3,
                "\u018e":-3,
                "\u2132":-3,
                "\u2141":-3,
                "\ua7b0":-3,
                "\ua780":-3,
                "\u0500":-3,
                "\ua779":-3,
                "\u1d1a":-3,
                "\u27d8":-3,
                "\u2229":-3,
                "\u0245":-3,
                "\u2144":-3,
                "\u0250":-3,
                "\u0254":-3,
                "\u01dd":-3,
                "\u025f":-2.5,
                "\u1d77":-3,
                "\u0265":-3,
                "\u1d09":-1,
                "\u027e":-3,
                "\u029e":-2.5,
                "\ua781":-1.5,
                "\u026f":-3,
                "\u0279":-3,
                "\u0287":-2,
                "\u028c":-3,
                "\u028d":-3,
                "\u028e":-3,
                "\u0531":-3,
                "\u0532":-3,
                "\u0533":-3.5,
                "\u0534":-3.5,
                "\u0536":-3,
                "\u0537":-3,
                "\u0539":-3.5,
                "\u053a":-3.5,
                "\u053b":-3,
                "\u053c":-2.5,
                "\u053d":-3.5,
                "\u053e":-3,
                "\u053f":-3,
                "\u0540":-3,
                "\u0541":-3,
                "\u0542":-3.5,
                "\u0543":-3,
                "\u0544":-3.5,
                "\u0545":-3,
                "\u0546":-3,
                "\u0547":-3,
                "\u0548":-3,
                "\u0549":-3,
                "\u054b":-3,
                "\u054c":-3.5,
                "\u054d":-3,
                "\u054e":-3,
                "\u054f":-3,
                "\u0550":-3,
                "\u0551":-3,
                "\u0552":-2.5,
                "\u0553":-3,
                "\u0554":-3,
                "\u0555":-3,
                "\u0556":-3,
                "\u0559":-1.5,
                "\u0561":-3,
                "\u0562":-3,
                "\u0563":-3.5,
                "\u0564":-3.5,
                "\u0565":-3,
                "\u0566":-3.5,
                "\u0567":-2.5,
                "\u0568":-3,
                "\u0569":-3,
                "\u056a":-3.5,
                "\u056b":-3,
                "\u056c":-1.5,
                "\u056d":-3.5,
                "\u056e":-3,
                "\u056f":-3,
                "\u0570":-3,
                "\u0571":-3,
                "\u0572":-3.5,
                "\u0573":-3,
                "\u0574":-3.5,
                "\u0575":-3,
                "\u0576":-3.5,
                "\u0577":-3,
                "\u0578":-3,
                "\u0579":-3,
                "\u057a":-3,
                "\u057b":-3,
                "\u057c":-3,
                "\u057d":-3,
                "\u057e":-3.5,
                "\u057f":-4,
                "\u0580":-3,
                "\u0581":-3,
                "\u0582":-2.5,
                "\u0583":-4,
                "\u0584":-3.5,
                "\u0585":-3,
                "\u0586":-3,
                "\u0587":-3.5,
                "\u05e9":-3,
                "\u05ea":-3,
                "\u0538":-3,
                "\u055a":-1.5,
                "\u055b":-1.5,
                "\u055c":-2,
                "\u055d":-1.5,
                "\u055e":-2,
                "\u055f":-3,
                "\u0560":-3,
                "\u0588":-3.5,
                "\u058f":-3,
                "\u017f":-2,
                "\u01b7":-3,
                "\u0292":-3,
                "\u01f7":-3,
                "\u01bf":-3,
                "\u021c":-3,
                "\u021d":-3,
                "\u0224":-3,
                "\u0225":-3,
                "\u02d9":-1,
                "\ua75a":-3,
                "\ua75b":-2.5,
                "\u2011":-2,
                "\u214b":-3,
                "\u23cf":-3,
                "\u23e9":-3.5,
                "\u23ea":-3.5,
                "\u23ed":-4,
                "\u23ee":-4,
                "\u23ef":-3.5,
                "\u23f4":-2,
                "\u23f5":-2,
                "\u23f6":-3,
                "\u23f7":-3,
                "\u23f8":-2,
                "\u23f9":-3,
                "\u23fa":-3,
                "\u23fb":-4,
                "\u23fc":-4,
                "\u23fd":-1,
                "\u2b58":-4,
                "\u25b2":-3,
                "\u25b6":-3.5,
                "\u25bc":-3,
                "\u25c0":-3.5,
                "\u25cf":-2.5,
                "\u25e6":-2,
                "\u25d8":-2,
                "\u2693":-4,
                "\u26e8":-4,
                "\u0132":-3,
                "\u0133":-2.5,
                "\u01c9":-4,
                "\ua728":-4,
                "\ua729":-3.5,
                "\ua739":-4.5,
                "\ua73b":-4.5,
                "\ufb00":-4,
                "\ufb01":-3,
                "\ufb02":-3.5,
                "\ufb03":-4.5,
                "\ufb05":-3,
                "\ufffd":-4,
                "\u0535":-3,
                "\u054a":-3,
                "\u16a0":-2.5,
                "\u16a2":-3,
                "\u16a3":-3,
                "\u16a4":-3,
                "\u16a5":-3,
                "\u16a6":-2.5,
                "\u16a7":-2.5,
                "\u16a8":-2,
                "\u16a9":-2.5,
                "\u16aa":-2.5,
                "\u16ab":-2.5,
                "\u16ac":-3,
                "\u16ad":-2,
                "\u16ae":-2,
                "\u16af":-3,
                "\u16b0":-3,
                "\u16b1":-2.5,
                "\u16b2":-2,
                "\u16b3":-2.5,
                "\u16b4":-2.5,
                "\u16b6":-3,
                "\u16b7":-3,
                "\u16b8":-3,
                "\u16b9":-2.5,
                "\u16ba":-3,
                "\u16bb":-3,
                "\u16bc":-3,
                "\u16bd":-2,
                "\u16be":-3,
                "\u16bf":-2,
                "\u16c0":-3,
                "\u16c1":-1,
                "\u16c2":-2,
                "\u16c3":-3.5,
                "\u16c4":-3,
                "\u16c5":-3,
                "\u16c6":-2,
                "\u16c7":-3,
                "\u16c8":-2.5,
                "\u16c9":-3,
                "\u16ca":-2,
                "\u16cb":-3,
                "\u16cc":-1,
                "\u16cd":-2,
                "\u16ce":-3,
                "\u16cf":-3,
                "\u16d0":-2,
                "\u16d1":-2.5,
                "\u16d2":-2.5,
                "\u16d3":-2,
                "\u16d4":-2.5,
                "\u16d5":-2.5,
                "\u16d6":-3,
                "\u16d7":-3,
                "\u16d8":-3,
                "\u16d9":-2,
                "\u16da":-2,
                "\u16db":-2.5,
                "\u16dc":-3,
                "\u16dd":-3,
                "\u16de":-3,
                "\u16df":-3.5,
                "\u16e0":-4,
                "\u16e1":-3,
                "\u16e2":-4,
                "\u16e3":-3,
                "\u16e4":-3,
                "\u16e5":-3,
                "\u16e6":-3,
                "\u16e7":-1,
                "\u16e8":-3,
                "\u16e9":-2.5,
                "\u16ea":-4,
                "\u16eb":-1.5,
                "\u16ec":-1,
                "\u16ed":-3,
                "\u16ee":-3,
                "\u16ef":-3,
                "\u16f0":-3,
                "\u16f1":-3,
                "\u16f2":-3,
                "\u16f3":-4,
                "\u16f4":-2.5,
                "\u16f5":-1.5,
                "\u16f6":-3,
                "\u16f7":-3,
                "\u16f8":-3,
                "\u263a":-3,
                "\u263b":-4,
                "\u2639":-3,
                "\u05da":-3,
                "\u05f3":-1.5,
                "\u05f4":-2.5,
                "\u05f0":-2,
                "\u05f1":-2,
                "\u05f2":-2,
                "\u05be":-3,
                "\u05c3":-1,
                "\u05c6":-2,
                "\u1d00":-3,
                "\u0299":-3,
                "\u1d04":-3,
                "\u1d05":-3,
                "\u1d07":-3,
                "\ua730":-3,
                "\u0262":-3,
                "\u029c":-3,
                "\u1d0a":-3,
                "\u1d0b":-3,
                "\u029f":-3,
                "\u1d0d":-3,
                "\u0274":-3,
                "\u1d0f":-3,
                "\u1d18":-3,
                "\ua7af":-3,
                "\u0280":-3,
                "\ua731":-3,
                "\u1d1b":-3,
                "\u1d1c":-3,
                "\u1d20":-3,
                "\u1d21":-3,
                "\u028f":-3,
                "\u1d22":-3,
                "\u0271":-3,
                "\u0273":-3.5,
                "\u0272":-3.5,
                "\u0288":-2,
                "\u0256":-3.5,
                "\u0261":-3,
                "\u02a1":-3,
                "\u0255":-3,
                "\u0291":-3,
                "\u0278":-3,
                "\u029d":-3,
                "\u02a2":-3,
                "\u027b":-3.5,
                "\u0281":-3,
                "\u0266":-3,
                "\u028b":-3,
                "\u0270":-3,
                "\u026c":-2.5,
                "\u026e":-3,
                "\u0298":-3,
                "\u01c0":-1,
                "\u01c3":-1,
                "\u01c2":-3,
                "\u01c1":-2,
                "\u0253":-3,
                "\u0257":-3.5,
                "\u1d91":-3.5,
                "\u0284":-3.5,
                "\u0260":-3.5,
                "\u029b":-3.5,
                "\u0267":-3,
                "\u026b":-3,
                "\u0268":-2,
                "\u0289":-4,
                "\u028a":-3,
                "\u0258":-3,
                "\u0275":-3,
                "\u0264":-3,
                "\u025c":-3,
                "\u025e":-3,
                "\u0251":-3,
                "\u0252":-3,
                "\u025a":-4,
                "\u025d":-4,
                "\u0181":-4,
                "\u0189":-3.5,
                "\u0191":-3.5,
                "\u01a9":-3,
                "\u01b2":-3,
                "\u10a0":-3,
                "\u10a1":-4,
                "\u10a2":-4,
                "\u10a3":-3,
                "\u10a4":-3,
                "\u10a5":-4,
                "\u10a6":-4,
                "\u10a7":-4,
                "\u10a8":-3,
                "\u10a9":-3,
                "\u10aa":-4,
                "\u10ab":-3.5,
                "\u10ac":-3,
                "\u10ad":-4,
                "\u10ae":-4,
                "\u10af":-3.5,
                "\u10b0":-4,
                "\u10b1":-3,
                "\u10b2":-3,
                "\u10b3":-4,
                "\u10b4":-3,
                "\u10b5":-3,
                "\u10b6":-3,
                "\u10b7":-3,
                "\u10b8":-3,
                "\u10b9":-3,
                "\u10ba":-3,
                "\u10bb":-4,
                "\u10bc":-3,
                "\u10bd":-3,
                "\u10be":-3,
                "\u10bf":-3,
                "\u10c0":-4,
                "\u10c1":-3,
                "\u10c2":-3,
                "\u10c3":-3,
                "\u10c4":-3,
                "\u10c5":-4,
                "\u10c7":-3,
                "\u10cd":-3,
                "\u10d0":-3,
                "\u10d1":-3,
                "\u10d2":-3,
                "\u10d3":-3,
                "\u10d4":-3,
                "\u10d5":-3,
                "\u10d6":-3,
                "\u10d7":-3,
                "\u10d8":-3,
                "\u10d9":-3,
                "\u10da":-4,
                "\u10db":-3,
                "\u10dc":-3,
                "\u10dd":-3,
                "\u10de":-3,
                "\u10df":-3,
                "\u10e0":-3,
                "\u10e1":-3,
                "\u10e2":-3,
                "\u10e3":-3,
                "\u10e4":-3,
                "\u10e5":-3,
                "\u10e6":-3,
                "\u10e7":-3,
                "\u10e8":-3,
                "\u10e9":-3,
                "\u10ea":-3,
                "\u10eb":-3,
                "\u10ec":-3,
                "\u10ed":-3,
                "\u10ee":-3,
                "\u10ef":-2.5,
                "\u10f0":-3,
                "\u10f1":-3.5,
                "\u10f2":-3,
                "\u10f3":-3,
                "\u10f4":-3,
                "\u10f5":-3,
                "\u10f6":-3,
                "\u10f7":-3,
                "\u10f8":-3,
                "\u10f9":-3,
                "\u10fa":-3,
                "\u10fb":-2,
                "\u10fc":-2,
                "\u10fd":-3,
                "\u10fe":-3,
                "\u10ff":-3,
                "\ufb4a":-3,
                "\ufb2b":-3,
                "\ufb4e":-3,
                "\ufb44":-3,
                "\ufb3b":-2.5,
                "\ufb1f":-2,
                "\ufb1d":-1,
                "\ufb4b":-1.5,
                "\ufb35":-2,
                "\ufb4c":-3,
                "\ufb31":-3,
                "\ua727":-3,
                "\ua726":-3,
                "\u027a":-3,
                "\u2c71":-4,
                "\u02a0":-3.5,
                "\u0297":-3,
                "\u0296":-3,
                "\u026d":-1.5,
                "\u0277":-4,
                "\u027f":-3,
                "\u0285":-3,
                "\u0286":-3.5,
                "\u0293":-3,
                "\u029a":-3,
                "\u20aa":-4,
                "\u20be":-3.5,
                "\u058a":-3,
                "\u2d00":-3,
                "\u2d01":-3.5,
                "\u2d02":-3.5,
                "\u2d03":-3,
                "\u2d04":-3,
                "\u2d05":-3,
                "\u2d06":-3.5,
                "\u2d21":-3,
                "\u2d07":-3,
                "\u2d08":-3,
                "\u2d09":-3,
                "\u2d0a":-3,
                "\u2d0b":-3,
                "\u2d0c":-3,
                "\u2d22":-3,
                "\u2d0d":-3,
                "\u2d0e":-3.5,
                "\u2d0f":-3.5,
                "\u2d10":-3,
                "\u2d11":-3,
                "\u2d12":-3,
                "\u2d23":-3,
                "\u2d13":-3,
                "\u2d14":-3,
                "\u2d15":-3,
                "\u2d16":-3,
                "\u2d17":-3,
                "\u2d18":-3,
                "\u2d19":-3,
                "\u2d1a":-3,
                "\u2d1b":-3,
                "\u2d1c":-3,
                "\u2d1d":-3.5,
                "\u2d1e":-3,
                "\u2d24":-3,
                "\u2d1f":-3,
                "\u2d20":-3,
                "\u2d25":-3,
                "\u215b":-4.5,
                "\u215c":-4.5,
                "\u215d":-4.5,
                "\u215e":-4.5,
                "\u2153":-4.5,
                "\u2154":-4.5,
                "\u2709":-4,
                "\u2602":-4,
                "\u2614":-4,
                "\u2604":-4,
                "\u26c4":-3.5,
                "\u2603":-4,
                "\u231b":-4,
                "\u231a":-4,
                "\u2690":-4,
                "\u270e":-4,
                "\u2763":-3,
                "\u2664":-3,
                "\u2667":-3,
                "\u2661":-3,
                "\u2662":-3,
                "\u26c8":-4.5,
                "\u2630":-3,
                "\u2631":-3,
                "\u2633":-3,
                "\u2634":-3,
                "\u2636":-3,
                "\u2637":-3,
                "\u2194":-4.5,
                "\u21d2":-4.5,
                "\u21cf":-4.5,
                "\u21d4":-4.5,
                "\u21f5":-3.5,
                "\u2200":-4,
                "\u2203":-3,
                "\u2204":-3,
                "\u2209":-3,
                "\u220b":-3,
                "\u220c":-3,
                "\u2282":-3,
                "\u2283":-3,
                "\u2284":-3,
                "\u2285":-3,
                "\u2227":-3,
                "\u2228":-3,
                "\u22bb":-3,
                "\u22bc":-3,
                "\u22bd":-3,
                "\u2225":-2,
                "\u2262":-3.5,
                "\u22c6":-2,
                "\u2211":-3,
                "\u22a4":-3,
                "\u22a5":-3,
                "\u22a2":-3,
                "\u22a8":-3,
                "\u2254":-4,
                "\u2201":-2.5,
                "\u2234":-3,
                "\u2235":-3,
                "\u221b":-4,
                "\u221c":-4,
                "\u2202":-3,
                "\u22c3":-3,
                "\u2286":-3,
                "\u2287":-3,
                "\u25a1":-3,
                "\u25b3":-3,
                "\u25b7":-3.5,
                "\u25bd":-3,
                "\u25c1":-3.5,
                "\u25c6":-3,
                "\u25c7":-3,
                "\u25cb":-3,
                "\u25ce":-4,
                "\u2606":-4,
                "\u2605":-4,
                "\u2718":-3.5,
                "\u2080":-2.5,
                "\u2081":-2,
                "\u2082":-2.5,
                "\u2083":-2.5,
                "\u2084":-2.5,
                "\u2085":-2.5,
                "\u2086":-2.5,
                "\u2087":-2.5,
                "\u2088":-2.5,
                "\u2089":-2.5,
                "\u208a":-2,
                "\u208b":-2,
                "\u208c":-2,
                "\u208d":-1.5,
                "\u208e":-1.5,
                "\u222b":-3,
                "\u222e":-3,
                "\u221d":-3.5,
                "\u2300":-4,
                "\u2302":-4,
                "\u2318":-4,
                "\u3012":-3,
                "\u027c":-3,
                "\u0184":-3.5,
                "\u0185":-3.5,
                "\u1e9f":-3,
                "\u023d":-3.5,
                "\u019a":-2,
                "\u019b":-3,
                "\u0220":-3,
                "\u019e":-3,
                "\u019f":-3,
                "\u01a7":-3,
                "\u01a8":-3,
                "\u01aa":-3,
                "\u01b8":-3,
                "\u01b9":-3,
                "\u01bb":-3,
                "\u01bc":-3,
                "\u01bd":-3,
                "\u01be":-3,
                "\u0221":-4,
                "\u0234":-2,
                "\u0235":-4,
                "\u0236":-2.5,
                "\u023a":-3,
                "\u2c65":-3.5,
                "\u023b":-3,
                "\u023c":-3,
                "\u0246":-3,
                "\u0247":-3.5,
                "\u023e":-3,
                "\u2c66":-3,
                "\u0241":-3,
                "\u0242":-3,
                "\u0243":-3.5,
                "\u0244":-4,
                "\u0248":-3.5,
                "\u0249":-3.5,
                "\u024a":-3.5,
                "\u024b":-3.5,
                "\u024c":-3.5,
                "\u024d":-3.5,
                "\u024e":-4,
                "\u024f":-4,
                "\u1e9c":-2.5,
                "\u1e9d":-2.5,
                "\u1efc":-3,
                "\u1efd":-2.5,
                "\u1efe":-3,
                "\u1eff":-3.5,
                "\ua7a8":-3.5,
                "\ua7a9":-3,
                "\ud800\udf30":-3,
                "\ud800\udf31":-3,
                "\ud800\udf32":-3,
                "\ud800\udf33":-3,
                "\ud800\udf34":-3,
                "\ud800\udf35":-3,
                "\ud800\udf36":-3,
                "\ud800\udf37":-3,
                "\ud800\udf38":-3,
                "\ud800\udf39":-1,
                "\ud800\udf3a":-3,
                "\ud800\udf3b":-3,
                "\ud800\udf3c":-3,
                "\ud800\udf3d":-3,
                "\ud800\udf3e":-3,
                "\ud800\udf3f":-3,
                "\ud800\udf40":-3,
                "\ud800\udf41":-3,
                "\ud800\udf42":-3,
                "\ud800\udf43":-3,
                "\ud800\udf44":-3,
                "\ud800\udf45":-3,
                "\ud800\udf46":-3,
                "\ud800\udf47":-3,
                "\ud800\udf48":-3,
                "\ud800\udf49":-3,
                "\ud800\udf4a":-3,
                "\ud83c\udf27":-4.5,
                "\ud83d\udd25":-3.5,
                "\ud83c\udf0a":-4.5,
                "\u2150":-4.5,
                "\u2151":-4.5,
                "\u2155":-4.5,
                "\u2156":-4.5,
                "\u2157":-4.5,
                "\u2159":-4,
                "\u215a":-4,
                "\u215f":-3.5,
                "\u2189":-4.5,
                "\ud83d\udde1":-4.5,
                "\ud83c\udff9":-4.5,
                "\ud83e\ude93":-3.5,
                "\ud83d\udd31":-4.5,
                "\ud83c\udfa3":-4.5,
                "\ud83e\uddea":-4,
                "\u2697":-4,
                "\u2bea":-4,
                "\u2beb":-4,
                "\u2c6d":-3,
                "\ud83d\udee1":-4,
                "\u2702":-4,
                "\ud83c\udf56":-4.5,
                "\ud83e\udea3":-4,
                "\ud83d\udd14":-4,
                "\u23f3":-4,
                "\u2691":-4,
                "\u20a0":-3,
                "\u20a1":-3,
                "\u20a2":-3,
                "\u20a3":-3.5,
                "\u20a4":-3,
                "\u20a5":-3,
                "\u20a6":-4,
                "\u20a9":-4,
                "\u20ab":-3.5,
                "\u20ad":-3.5,
                "\u20ae":-3,
                "\u20b0":-3,
                "\u20b1":-4,
                "\u20b2":-3,
                "\u20b3":-4,
                "\u20b5":-3,
                "\u20b6":-3,
                "\u20b7":-4,
                "\u20b8":-3,
                "\u20b9":-3,
                "\u20ba":-3.5,
                "\u20bb":-4,
                "\u20bc":-3,
                "\u20bf": 6
            }
        }
    ]
}
