{
    "providers": [
        {
            "type": "space",
            "advances": {
                "0":-6,
                "1":-6,
                "2":-6,
                "3":-6,
                "4":-6,
                "5":-6,
                "6":-6,
                "7":-6,
                "8":-6,
                "9":-6,
                "\u0000":-9,
                "\u0001":-9,
                "\u0002":-9,
                "\u0003":-9,
                "\u0004":-9,
                "\u0005":-9,
                "\u0006":-9,
                "\u0007":-9,
                "\b":-9,
                "\t":-9,
                "\n":-9,
                "\u000b":-9,
                "\f":-9,
                "\r":-9,
                "\u000e":-9,
                "\u000f":-9,
                "\u0010":-9,
                "\u0011":-9,
                "\u0012":-9,
                "\u0013":-9,
                "\u0014":-9,
                "\u0015":-9,
                "\u0016":-9,
                "\u0017":-9,
                "\u0018":-9,
                "\u0019":-9,
                "\u001a":-9,
                "\u001b":-9,
                "\u001c":-9,
                "\u001d":-9,
                "\u001e":-9,
                "\u001f":-9,
                " ":-4,
                "!":-2,
                "\"":-4,
                "#":-6,
                "$":-6,
                "%":-6,
                "&":-6,
                "'":-2,
                "(":-4,
                ")":-4,
                "*":-4,
                "+":-6,
                ",":-2,
                "-":-6,
                ".":-2,
                "/":-6,
                ":":-2,
                ";":-2,
                "<":-5,
                "=":-6,
                ">":-5,
                "?":-6,
                "@":-7,
                "A":-6,
                "B":-6,
                "C":-6,
                "D":-6,
                "E":-6,
                "F":-6,
                "G":-6,
                "H":-6,
                "I":-4,
                "J":-6,
                "K":-6,
                "L":-6,
                "M":-6,
                "N":-6,
                "O":-6,
                "P":-6,
                "Q":-6,
                "R":-6,
                "S":-6,
                "T":-6,
                "U":-6,
                "V":-6,
                "W":-6,
                "X":-6,
                "Y":-6,
                "Z":-6,
                "[":-4,
                "\\":-6,
                "]":-4,
                "^":-6,
                "_":-6,
                "`":-3,
                "a":-6,
                "b":-6,
                "c":-6,
                "d":-6,
                "e":-6,
                "f":-5,
                "g":-6,
                "h":-6,
                "i":-2,
                "j":-6,
                "k":-5,
                "l":-3,
                "m":-6,
                "n":-6,
                "o":-6,
                "p":-6,
                "q":-6,
                "r":-6,
                "s":-6,
                "t":-4,
                "u":-6,
                "v":-6,
                "w":-6,
                "x":-6,
                "y":-6,
                "z":-6,
                "{":-4,
                "|":-2,
                "}":-4,
                "~":-7,
                "\u007f":-9,
                "\u0080":-9,
                "\u0081":-9,
                "\u0082":-9,
                "\u0083":-9,
                "\u0084":-9,
                "\u0085":-9,
                "\u0086":-9,
                "\u0087":-9,
                "\u0088":-9,
                "\u0089":-9,
                "\u008a":-9,
                "\u008b":-9,
                "\u008c":-9,
                "\u008d":-9,
                "\u008e":-9,
                "\u008f":-9,
                "\u0090":-9,
                "\u0091":-9,
                "\u0092":-9,
                "\u0093":-9,
                "\u0094":-9,
                "\u0095":-9,
                "\u0096":-9,
                "\u0097":-9,
                "\u0098":-9,
                "\u0099":-9,
                "\u009a":-9,
                "\u009b":-9,
                "\u009c":-9,
                "\u009d":-9,
                "\u009e":-9,
                "\u009f":-9,
                "\u00a0":-9,
                "\u00a1":-2,
                "\u00a2":-6,
                "\u00a3":-6,
                "\u00a4":-8,
                "\u00a5":-6,
                "\u00a6":-2,
                "\u00a7":-6,
                "\u00a8":-4,
                "\u00a9":-8,
                "\u00aa":-5,
                "\u00ab":-7,
                "\u00ac":-6,
                "\u00ad":-4,
                "\u00ae":-8,
                "\u00af":-6,
                "\u00b0":-5,
                "\u00b1":-6,
                "\u00b2":-5,
                "\u00b3":-5,
                "\u00b4":-3,
                "\u00b5":-6,
                "\u00b6":-7,
                "\u00b7":-2,
                "\u00b8":-2,
                "\u00b9":-4,
                "\u00ba":-5,
                "\u00bb":-7,
                "\u00bc":-8,
                "\u00bd":-8,
                "\u00be":-8,
                "\u00bf":-6,
                "\u00c0":-6,
                "\u00c1":-6,
                "\u00c2":-6,
                "\u00c3":-6,
                "\u00c4":-6,
                "\u00c5":-6,
                "\u00c6":-10,
                "\u00c7":-6,
                "\u00c8":-6,
                "\u00c9":-6,
                "\u00ca":-6,
                "\u00cb":-6,
                "\u00cc":-4,
                "\u00cd":-4,
                "\u00ce":-4,
                "\u00cf":-4,
                "\u00d0":-7,
                "\u00d1":-6,
                "\u00d2":-6,
                "\u00d3":-6,
                "\u00d4":-6,
                "\u00d5":-6,
                "\u00d6":-6,
                "\u00d7":-6,
                "\u00d8":-6,
                "\u00d9":-6,
                "\u00da":-6,
                "\u00db":-6,
                "\u00dc":-6,
                "\u00dd":-6,
                "\u00de":-6,
                "\u00df":-6,
                "\u00e0":-6,
                "\u00e1":-6,
                "\u00e2":-6,
                "\u00e3":-6,
                "\u00e4":-6,
                "\u00e5":-6,
                "\u00e6":-10,
                "\u00e7":-6,
                "\u00e8":-6,
                "\u00e9":-6,
                "\u00ea":-6,
                "\u00eb":-6,
                "\u00ec":-3,
                "\u00ed":-3,
                "\u00ee":-4,
                "\u00ef":-4,
                "\u00f0":-6,
                "\u00f1":-6,
                "\u00f2":-6,
                "\u00f3":-6,
                "\u00f4":-6,
                "\u00f5":-6,
                "\u00f6":-6,
                "\u00f7":-6,
                "\u00f8":-6,
                "\u00f9":-6,
                "\u00fa":-6,
                "\u00fb":-6,
                "\u00fc":-6,
                "\u00fd":-6,
                "\u00fe":-6,
                "\u00ff":-6,
                "\u0192":-6,
                "\u2591":-8,
                "\u2592":-9,
                "\u2593":-9,
                "\u2502":-6,
                "\u2524":-6,
                "\u2561":-6,
                "\u2562":-8,
                "\u2556":-8,
                "\u2555":-6,
                "\u2563":-8,
                "\u2551":-8,
                "\u2557":-8,
                "\u255d":-8,
                "\u255c":-8,
                "\u255b":-6,
                "\u2510":-6,
                "\u2514":-9,
                "\u2534":-9,
                "\u252c":-9,
                "\u251c":-9,
                "\u2500":-9,
                "\u253c":-9,
                "\u255e":-9,
                "\u255f":-9,
                "\u255a":-9,
                "\u2554":-9,
                "\u2569":-9,
                "\u2566":-9,
                "\u2560":-9,
                "\u2550":-9,
                "\u256c":-9,
                "\u2567":-9,
                "\u2568":-9,
                "\u2564":-9,
                "\u2565":-9,
                "\u2559":-9,
                "\u2558":-9,
                "\u2552":-9,
                "\u2553":-9,
                "\u256b":-9,
                "\u256a":-9,
                "\u2518":-6,
                "\u250c":-9,
                "\u2588":-9,
                "\u2584":-9,
                "\u258c":-5,
                "\u2590":-9,
                "\u2580":-9,
                "\u2205":-8,
                "\u2208":-6,
                "\u2261":-7,
                "\u2265":-6,
                "\u2264":-6,
                "\u2320":-8,
                "\u2321":-5,
                "\u2248":-7,
                "\u2219":-6,
                "\u221a":-7,
                "\u207f":-5,
                "\u25a0":-6,
                "\u0100":-6,
                "\u0101":-6,
                "\u0102":-6,
                "\u0103":-6,
                "\u0104":-6,
                "\u0105":-6,
                "\u0106":-6,
                "\u0107":-6,
                "\u0108":-6,
                "\u0109":-6,
                "\u010a":-6,
                "\u010b":-6,
                "\u010c":-6,
                "\u010d":-6,
                "\u010e":-6,
                "\u010f":-8,
                "\u0110":-7,
                "\u0111":-7,
                "\u0112":-6,
                "\u0113":-6,
                "\u0114":-6,
                "\u0115":-6,
                "\u0116":-6,
                "\u0117":-6,
                "\u0118":-6,
                "\u0119":-6,
                "\u011a":-6,
                "\u011b":-6,
                "\u011c":-6,
                "\u011d":-6,
                "\u1e20":-6,
                "\u1e21":-6,
                "\u011e":-6,
                "\u011f":-6,
                "\u0120":-6,
                "\u0121":-6,
                "\u0122":-6,
                "\u0123":-6,
                "\u0124":-6,
                "\u0125":-6,
                "\u0126":-8,
                "\u0127":-7,
                "\u0128":-5,
                "\u0129":-5,
                "\u012a":-4,
                "\u012b":-4,
                "\u012c":-5,
                "\u012d":-5,
                "\u012e":-4,
                "\u012f":-3,
                "\u0130":-4,
                "\u0131":-2,
                "\u0134":-6,
                "\u0135":-6,
                "\u0136":-6,
                "\u0137":-5,
                "\u0139":-6,
                "\u013a":-3,
                "\u013b":-6,
                "\u013c":-3,
                "\u013d":-6,
                "\u013e":-4,
                "\u013f":-6,
                "\u0140":-4,
                "\u0141":-7,
                "\u0142":-5,
                "\u0143":-6,
                "\u0144":-6,
                "\u0145":-6,
                "\u0146":-6,
                "\u0147":-6,
                "\u0148":-6,
                "\u014a":-6,
                "\u014b":-6,
                "\u014c":-6,
                "\u014d":-6,
                "\u014e":-6,
                "\u014f":-6,
                "\u0150":-6,
                "\u0151":-6,
                "\u0152":-10,
                "\u0153":-10,
                "\u0154":-6,
                "\u0155":-6,
                "\u0156":-6,
                "\u0157":-6,
                "\u0158":-6,
                "\u0159":-6,
                "\u015a":-6,
                "\u015b":-6,
                "\u015c":-6,
                "\u015d":-6,
                "\u015e":-6,
                "\u015f":-6,
                "\u0160":-6,
                "\u0161":-6,
                "\u0162":-6,
                "\u0163":-4,
                "\u0164":-6,
                "\u0165":-5,
                "\u0166":-6,
                "\u0167":-4,
                "\u0168":-6,
                "\u0169":-6,
                "\u016a":-6,
                "\u016b":-6,
                "\u016c":-6,
                "\u016d":-6,
                "\u016e":-6,
                "\u016f":-6,
                "\u0170":-6,
                "\u0171":-6,
                "\u0172":-6,
                "\u0173":-6,
                "\u0174":-6,
                "\u0175":-6,
                "\u0176":-6,
                "\u0177":-6,
                "\u0178":-6,
                "\u0179":-6,
                "\u017a":-6,
                "\u017b":-6,
                "\u017c":-6,
                "\u017d":-6,
                "\u017e":-6,
                "\u01fc":-10,
                "\u01fd":-10,
                "\u01fe":-6,
                "\u01ff":-6,
                "\u0218":-6,
                "\u0219":-6,
                "\u021a":-6,
                "\u021b":-4,
                "\u0386":-8,
                "\u0388":-8,
                "\u0389":-8,
                "\u038a":-6,
                "\u038c":-8,
                "\u038e":-8,
                "\u038f":-8,
                "\u0390":-6,
                "\u03aa":-4,
                "\u03ab":-6,
                "\u03ac":-6,
                "\u03ad":-6,
                "\u03ae":-6,
                "\u03af":-3,
                "\u03b0":-6,
                "\u03ca":-4,
                "\u03cb":-6,
                "\u03cc":-6,
                "\u03cd":-6,
                "\u03ce":-8,
                "\u0400":-6,
                "\u0401":-6,
                "\u0403":-6,
                "\u0407":-4,
                "\u040c":-6,
                "\u040d":-6,
                "\u040e":-6,
                "\u0419":-6,
                "\u0439":-6,
                "\u0450":-6,
                "\u0451":-6,
                "\u0452":-7,
                "\u0453":-5,
                "\u0457":-4,
                "\u045b":-7,
                "\u045c":-5,
                "\u045d":-6,
                "\u045e":-6,
                "\u045f":-6,
                "\u0490":-6,
                "\u0491":-6,
                "\u1e02":-6,
                "\u1e03":-6,
                "\u1e0a":-6,
                "\u1e0b":-6,
                "\u1e1e":-6,
                "\u1e1f":-5,
                "\u1e22":-6,
                "\u1e23":-6,
                "\u1e30":-6,
                "\u1e31":-5,
                "\u1e40":-6,
                "\u1e41":-6,
                "\u1e56":-6,
                "\u1e57":-6,
                "\u1e60":-6,
                "\u1e61":-6,
                "\u1e6a":-6,
                "\u1e6b":-4,
                "\u1e80":-6,
                "\u1e81":-6,
                "\u1e82":-6,
                "\u1e83":-6,
                "\u1e84":-6,
                "\u1e85":-6,
                "\u1ef2":-6,
                "\u1ef3":-6,
                "\u0149":-8,
                "\u01e7":-6,
                "\u01eb":-6,
                "\u040f":-6,
                "\u1e0d":-6,
                "\u1e25":-6,
                "\u1e5b":-6,
                "\u1e6d":-4,
                "\u1e92":-6,
                "\u1eca":-4,
                "\u1ecb":-2,
                "\u1ecc":-6,
                "\u1ecd":-6,
                "\u1ee4":-6,
                "\u1ee5":-6,
                "\u2116":-10,
                "\u0207":-6,
                "\u0194":-6,
                "\u0263":-6,
                "\u0283":-6,
                "\u2047":-10,
                "\u01f1":-10,
                "\u01f2":-10,
                "\u01f3":-10,
                "\u01c4":-10,
                "\u01c5":-10,
                "\u01c6":-10,
                "\u01c7":-10,
                "\u01c8":-10,
                "\u01ca":-10,
                "\u01cb":-10,
                "\u01cc":-10,
                "\u2139":-10,
                "\u1d6b":-10,
                "\ua732":-10,
                "\ua733":-10,
                "\ua734":-10,
                "\ua735":-10,
                "\ua736":-10,
                "\ua737":-10,
                "\ua738":-10,
                "\ua73a":-10,
                "\ua73c":-10,
                "\ua73d":-9,
                "\ua74e":-10,
                "\ua74f":-10,
                "\ua760":-6,
                "\ua761":-6,
                "\ufb04":-10,
                "\ufb06":-10,
                "\u16a1":-5,
                "\u16b5":-5,
                "\u01a0":-8,
                "\u01a1":-8,
                "\u01af":-8,
                "\u01b0":-8,
                "\u1eae":-6,
                "\u1eaf":-6,
                "\u1ea4":-6,
                "\u1ea5":-6,
                "\u1ebe":-6,
                "\u1ebf":-6,
                "\u1ed1":-6,
                "\u1eda":-8,
                "\u1edb":-8,
                "\u1ee8":-8,
                "\u1ee9":-8,
                "\u1eb0":-6,
                "\u1eb1":-6,
                "\u1ea6":-6,
                "\u1ea7":-6,
                "\u1ec0":-6,
                "\u1ec1":-6,
                "\u1ed3":-6,
                "\u1edc":-8,
                "\u1edd":-8,
                "\u1eea":-8,
                "\u1eeb":-8,
                "\u1ea2":-6,
                "\u1ea3":-6,
                "\u1eb2":-6,
                "\u1eb3":-6,
                "\u1ea8":-6,
                "\u1ea9":-6,
                "\u1eba":-6,
                "\u1ebb":-6,
                "\u1ed5":-6,
                "\u1ede":-8,
                "\u1ec2":-6,
                "\u1ec3":-6,
                "\u1ec8":-4,
                "\u1ec9":-4,
                "\u1ece":-6,
                "\u1ecf":-6,
                "\u1ed4":-6,
                "\u1edf":-8,
                "\u1ee6":-6,
                "\u1ee7":-6,
                "\u1eec":-8,
                "\u1eed":-8,
                "\u1ef6":-6,
                "\u1ef7":-6,
                "\u1ea0":-6,
                "\u1ea1":-6,
                "\u1eb6":-6,
                "\u1eb7":-6,
                "\u1eac":-6,
                "\u1ead":-6,
                "\u1eb8":-6,
                "\u1eb9":-6,
                "\u1ec6":-6,
                "\u1ec7":-6,
                "\u1ed8":-6,
                "\u1ed9":-6,
                "\u1ee2":-8,
                "\u1ee3":-8,
                "\u1ef0":-8,
                "\u1ef1":-8,
                "\u1ef4":-6,
                "\u1ef5":-6,
                "\u1ed0":-6,
                "\u0195":-9,
                "\u1eaa":-6,
                "\u1eab":-6,
                "\u1ed6":-6,
                "\u1ed7":-6,
                "\u1eef":-8,
                "\u261e":-10,
                "\u261c":-10,
                "\u262e":-10,
                "\u1eb4":-6,
                "\u1eb5":-6,
                "\u1ebc":-6,
                "\u1ebd":-6,
                "\u1ec4":-6,
                "\u1ec5":-6,
                "\u1ed2":-6,
                "\u1ee0":-8,
                "\u1ee1":-8,
                "\u1eee":-8,
                "\u1ef8":-6,
                "\u1ef9":-6,
                "\u0498":-6,
                "\u0499":-6,
                "\u04a0":-7,
                "\u04a1":-6,
                "\u04aa":-6,
                "\u04ab":-6,
                "\u01f6":-9,
                "\u26a0":-10,
                "\u24ea":-10,
                "\u2460":-10,
                "\u2461":-10,
                "\u2462":-10,
                "\u2463":-10,
                "\u2464":-10,
                "\u2465":-10,
                "\u2466":-10,
                "\u2467":-10,
                "\u2468":-10,
                "\u2469":-10,
                "\u246a":-10,
                "\u246b":-10,
                "\u246c":-10,
                "\u246d":-10,
                "\u246e":-10,
                "\u246f":-10,
                "\u2470":-10,
                "\u2471":-10,
                "\u2472":-10,
                "\u2473":-10,
                "\u24b6":-10,
                "\u24b7":-10,
                "\u24b8":-10,
                "\u24b9":-10,
                "\u24ba":-10,
                "\u24bb":-10,
                "\u24bc":-10,
                "\u24bd":-10,
                "\u24be":-10,
                "\u24bf":-10,
                "\u24c0":-10,
                "\u24c1":-10,
                "\u24c2":-10,
                "\u24c3":-10,
                "\u24c4":-10,
                "\u24c5":-10,
                "\u24c6":-10,
                "\u24c7":-10,
                "\u24c8":-10,
                "\u24c9":-10,
                "\u24ca":-10,
                "\u24cb":-10,
                "\u24cc":-10,
                "\u24cd":-10,
                "\u24ce":-10,
                "\u24cf":-10,
                "\u24d0":-10,
                "\u24d1":-10,
                "\u24d2":-10,
                "\u24d3":-10,
                "\u24d4":-10,
                "\u24d5":-10,
                "\u24d6":-10,
                "\u24d7":-10,
                "\u24d8":-10,
                "\u24d9":-10,
                "\u24da":-10,
                "\u24db":-10,
                "\u24dc":-10,
                "\u24dd":-10,
                "\u24de":-10,
                "\u24df":-10,
                "\u24e0":-10,
                "\u24e1":-10,
                "\u24e2":-10,
                "\u24e3":-10,
                "\u24e4":-10,
                "\u24e5":-10,
                "\u24e6":-10,
                "\u24e7":-10,
                "\u24e8":-10,
                "\u24e9":-10,
                "\u0327":-3,
                "\u0282":-6,
                "\u0290":-7,
                "\u0276":-10,
                "\u01cd":-6,
                "\u01ce":-6,
                "\u01de":-6,
                "\u01df":-6,
                "\u01fa":-6,
                "\u01fb":-6,
                "\u0202":-6,
                "\u0203":-6,
                "\u0226":-6,
                "\u0227":-6,
                "\u01e0":-6,
                "\u01e1":-6,
                "\u1e00":-6,
                "\u1e01":-6,
                "\u0200":-6,
                "\u0201":-6,
                "\u1e06":-6,
                "\u1e07":-6,
                "\u1e04":-6,
                "\u1e05":-6,
                "\u1d6c":-8,
                "\u1e08":-6,
                "\u1e09":-6,
                "\u1e10":-6,
                "\u1e11":-6,
                "\u1e12":-6,
                "\u1e13":-6,
                "\u1e0e":-6,
                "\u1e0f":-6,
                "\u1e0c":-6,
                "\u1d6d":-8,
                "\u1e14":-6,
                "\u1e15":-6,
                "\u1e16":-6,
                "\u1e17":-6,
                "\u1e18":-6,
                "\u1e19":-6,
                "\u1e1c":-6,
                "\u1e1d":-6,
                "\u0228":-6,
                "\u0229":-6,
                "\u1e1a":-6,
                "\u1e1b":-6,
                "\u0204":-6,
                "\u0205":-6,
                "\u0206":-6,
                "\u1d6e":-6,
                "\u01f4":-6,
                "\u01f5":-6,
                "\u01e6":-6,
                "\u1e26":-6,
                "\u1e27":-6,
                "\u1e28":-6,
                "\u1e29":-6,
                "\u1e2a":-6,
                "\u1e2b":-6,
                "\u021e":-6,
                "\u021f":-6,
                "\u1e24":-6,
                "\u1e96":-6,
                "\u1e2e":-4,
                "\u1e2f":-4,
                "\u020a":-5,
                "\u020b":-5,
                "\u01cf":-4,
                "\u01d0":-4,
                "\u0208":-6,
                "\u0209":-6,
                "\u1e2c":-5,
                "\u1e2d":-5,
                "\u01f0":-6,
                "\u0237":-6,
                "\u01e8":-6,
                "\u01e9":-5,
                "\u1e32":-6,
                "\u1e33":-5,
                "\u1e34":-6,
                "\u1e35":-5,
                "\u1e3a":-6,
                "\u1e3b":-4,
                "\u1e3c":-6,
                "\u1e3d":-4,
                "\u1e36":-6,
                "\u1e37":-3,
                "\u1e38":-6,
                "\u1e39":-4,
                "\u2c62":-8,
                "\u1e3e":-6,
                "\u1e3f":-6,
                "\u1e42":-6,
                "\u1e43":-6,
                "\u1d6f":-8,
                "\u1e44":-6,
                "\u1e45":-6,
                "\u1e46":-6,
                "\u1e47":-6,
                "\u1e4a":-6,
                "\u1e4b":-6,
                "\u01f8":-6,
                "\u01f9":-6,
                "\u1e48":-6,
                "\u1e49":-6,
                "\u1d70":-8,
                "\u01ec":-6,
                "\u01ed":-6,
                "\u022c":-6,
                "\u022d":-6,
                "\u1e4c":-6,
                "\u1e4d":-6,
                "\u1e4e":-6,
                "\u1e4f":-6,
                "\u1e50":-6,
                "\u1e51":-6,
                "\u1e52":-6,
                "\u1e53":-6,
                "\u020e":-6,
                "\u020f":-6,
                "\u022a":-6,
                "\u022b":-6,
                "\u01d1":-6,
                "\u01d2":-6,
                "\u022e":-6,
                "\u022f":-6,
                "\u0230":-6,
                "\u0231":-6,
                "\u020c":-6,
                "\u020d":-6,
                "\u01ea":-6,
                "\u1e54":-6,
                "\u1e55":-6,
                "\u1d71":-8,
                "\u0212":-6,
                "\u0213":-6,
                "\u1e58":-6,
                "\u1e59":-6,
                "\u1e5c":-6,
                "\u1e5d":-6,
                "\u1e5e":-6,
                "\u1e5f":-6,
                "\u0210":-6,
                "\u0211":-6,
                "\u1e5a":-6,
                "\u1d73":-8,
                "\u1d72":-8,
                "\u1e64":-6,
                "\u1e65":-6,
                "\u1e66":-6,
                "\u1e67":-6,
                "\u1e62":-6,
                "\u1e63":-6,
                "\u1e68":-6,
                "\u1e69":-6,
                "\u1d74":-8,
                "\u1e70":-6,
                "\u1e71":-4,
                "\u1e6e":-6,
                "\u1e6f":-4,
                "\u1e6c":-6,
                "\u1e97":-4,
                "\u1d75":-6,
                "\u1e72":-6,
                "\u1e73":-6,
                "\u1e76":-6,
                "\u1e77":-6,
                "\u1e78":-6,
                "\u1e79":-6,
                "\u1e7a":-6,
                "\u1e7b":-6,
                "\u01d3":-6,
                "\u01d4":-6,
                "\u01d5":-6,
                "\u01d6":-6,
                "\u01d7":-6,
                "\u01d8":-6,
                "\u01d9":-6,
                "\u01da":-6,
                "\u01db":-6,
                "\u01dc":-6,
                "\u1e74":-6,
                "\u1e75":-6,
                "\u0214":-6,
                "\u0215":-6,
                "\u0216":-6,
                "\u1e7e":-6,
                "\u1e7f":-6,
                "\u1e7c":-6,
                "\u1e7d":-6,
                "\u1e86":-6,
                "\u1e87":-6,
                "\u1e88":-6,
                "\u1e89":-6,
                "\u1e98":-6,
                "\u1e8c":-6,
                "\u1e8d":-6,
                "\u1e8a":-6,
                "\u1e8b":-6,
                "\u0232":-6,
                "\u0233":-6,
                "\u1e8e":-6,
                "\u1e8f":-6,
                "\u1e99":-6,
                "\u1e94":-6,
                "\u1e95":-6,
                "\u1e90":-6,
                "\u1e91":-6,
                "\u1e93":-6,
                "\u1d76":-6,
                "\u01ee":-6,
                "\u01ef":-6,
                "\u1e9b":-4,
                "\ua73e":-6,
                "\ua73f":-6,
                "\u01e2":-10,
                "\u01e3":-10,
                "\u1d7a":-9,
                "\u1efb":-7,
                "\u1d02":-10,
                "\u1d14":-10,
                "\uab63":-10,
                "\u0238":-10,
                "\u02a3":-10,
                "\u02a5":-10,
                "\u02a4":-10,
                "\u02a9":-10,
                "\u02aa":-8,
                "\u02ab":-8,
                "\u0239":-10,
                "\u02a8":-9,
                "\u02a6":-9,
                "\u02a7":-8,
                "\uab50":-6,
                "\uab51":-6,
                "\u20a7":-10,
                "\u1efa":-8,
                "\ufb2e":-6,
                "\ufb2f":-6,
                "\u0180":-7,
                "\u0182":-6,
                "\u0183":-6,
                "\u0187":-7,
                "\u0188":-7,
                "\u018a":-8,
                "\u018b":-6,
                "\u018c":-6,
                "\u0193":-7,
                "\u01e4":-7,
                "\u01e5":-7,
                "\u0197":-4,
                "\u0196":-4,
                "\u0269":-3,
                "\u0198":-6,
                "\u0199":-5,
                "\u019d":-7,
                "\u01a4":-8,
                "\u01a5":-6,
                "\u027d":-6,
                "\u01a6":-6,
                "\u01ac":-7,
                "\u01ad":-4,
                "\u01ab":-4,
                "\u01ae":-6,
                "\u0217":-6,
                "\u01b1":-6,
                "\u019c":-6,
                "\u01b3":-7,
                "\u01b4":-8,
                "\u01b5":-6,
                "\u01b6":-6,
                "\u01a2":-8,
                "\u01a3":-8,
                "\u0222":-6,
                "\u0223":-6,
                "\u02ad":-6,
                "\u02ae":-7,
                "\u02af":-8,
                "\ufb14":-10,
                "\ufb15":-10,
                "\ufb17":-10,
                "\ufb16":-10,
                "\ufb13":-10,
                "\u04d0":-6,
                "\u04d1":-6,
                "\u04d2":-6,
                "\u04d3":-6,
                "\u04f6":-6,
                "\u04f7":-5,
                "\u0494":-6,
                "\u0495":-5,
                "\u04d6":-6,
                "\u04d7":-6,
                "\u04bc":-8,
                "\u04bd":-8,
                "\u04be":-8,
                "\u04bf":-8,
                "\u04da":-6,
                "\u04db":-6,
                "\u04dc":-8,
                "\u04dd":-6,
                "\u04c1":-8,
                "\u04c2":-6,
                "\u04de":-6,
                "\u04df":-6,
                "\u04e2":-6,
                "\u04e3":-6,
                "\u04e4":-6,
                "\u04e5":-6,
                "\u04e6":-6,
                "\u04e7":-6,
                "\u04ea":-6,
                "\u04eb":-6,
                "\u04f0":-6,
                "\u04f1":-6,
                "\u04ee":-6,
                "\u04ef":-6,
                "\u04f2":-6,
                "\u04f3":-6,
                "\u04f4":-6,
                "\u04f5":-6,
                "\u04f8":-8,
                "\u04f9":-7,
                "\u04ec":-6,
                "\u04ed":-6,
                "\u0476":-7,
                "\u0477":-7,
                "\u04d4":-10,
                "\u04fa":-7,
                "\u0502":-9,
                "\ua682":-6,
                "\ua680":-7,
                "\ua688":-7,
                "\u052a":-10,
                "\u052c":-7,
                "\ua684":-10,
                "\u0504":-8,
                "\u0510":-6,
                "\u04e0":-6,
                "\u0506":-7,
                "\u048a":-7,
                "\u04c3":-6,
                "\u049e":-7,
                "\u049c":-6,
                "\u051e":-6,
                "\u051a":-6,
                "\u04c5":-7,
                "\u052e":-7,
                "\u0512":-6,
                "\u0520":-9,
                "\u0508":-9,
                "\u0514":-9,
                "\u04cd":-7,
                "\u04c9":-7,
                "\u0528":-7,
                "\u04c7":-6,
                "\u04a4":-7,
                "\u0522":-9,
                "\u050a":-9,
                "\u04a8":-7,
                "\u0524":-7,
                "\u04a6":-9,
                "\u048e":-6,
                "\u0516":-9,
                "\u050c":-6,
                "\ua690":-6,
                "\u04ac":-6,
                "\ua68a":-7,
                "\ua68c":-6,
                "\u050e":-7,
                "\u04b2":-7,
                "\u04fc":-6,
                "\u04fe":-6,
                "\u0526":-7,
                "\ua694":-6,
                "\u04b4":-8,
                "\ua68e":-7,
                "\u04b6":-7,
                "\u04cb":-6,
                "\u04b8":-6,
                "\ua692":-7,
                "\ua696":-9,
                "\ua686":-6,
                "\u048c":-7,
                "\u0518":-10,
                "\u051c":-6,
                "\u04d5":-10,
                "\u04fb":-6,
                "\u0503":-9,
                "\ua683":-6,
                "\ua681":-7,
                "\ua689":-7,
                "\u052b":-10,
                "\u052d":-7,
                "\ua685":-9,
                "\u0505":-8,
                "\u0511":-6,
                "\u04e1":-6,
                "\u0507":-7,
                "\u048b":-7,
                "\u04c4":-5,
                "\u049f":-6,
                "\u049d":-6,
                "\u051f":-6,
                "\u051b":-6,
                "\u04c6":-7,
                "\u052f":-7,
                "\u0513":-6,
                "\u0521":-9,
                "\u0509":-9,
                "\u0515":-9,
                "\u04ce":-7,
                "\u04ca":-7,
                "\u0529":-7,
                "\u04c8":-6,
                "\u04a5":-7,
                "\u0523":-9,
                "\u050b":-9,
                "\u04a9":-7,
                "\u0525":-7,
                "\u04a7":-9,
                "\u048f":-6,
                "\u0517":-9,
                "\u050d":-6,
                "\ua691":-6,
                "\u04ad":-6,
                "\ua68b":-7,
                "\ua68d":-6,
                "\u050f":-7,
                "\u04b3":-7,
                "\u04fd":-6,
                "\u04ff":-6,
                "\u0527":-7,
                "\ua695":-6,
                "\u04b5":-7,
                "\ua68f":-6,
                "\u04b7":-7,
                "\u04cc":-6,
                "\u04b9":-6,
                "\ua693":-7,
                "\ua697":-7,
                "\ua687":-6,
                "\u048d":-7,
                "\u0519":-10,
                "\u051d":-6,
                "\u1f08":-9,
                "\u1f00":-6,
                "\u1f09":-9,
                "\u1f01":-6,
                "\u1f0a":-10,
                "\u1f02":-6,
                "\u1f0b":-10,
                "\u1f03":-6,
                "\u1f0c":-10,
                "\u1f04":-6,
                "\u1f0d":-10,
                "\u1f05":-7,
                "\u1f0e":-9,
                "\u1f06":-6,
                "\u1f0f":-9,
                "\u1f07":-6,
                "\u1fba":-9,
                "\u1f70":-6,
                "\u1fb8":-6,
                "\u1fb0":-6,
                "\u1fb9":-6,
                "\u1fb1":-6,
                "\u1fbb":-9,
                "\u1f71":-6,
                "\u1f88":-9,
                "\u1f80":-6,
                "\u1f89":-9,
                "\u1f81":-6,
                "\u1f8a":-10,
                "\u1f82":-6,
                "\u1f8b":-10,
                "\u1f83":-6,
                "\u1f8c":-10,
                "\u1f84":-6,
                "\u1f8d":-10,
                "\u1f85":-6,
                "\u1f8e":-9,
                "\u1f86":-6,
                "\u1f8f":-9,
                "\u1f87":-6,
                "\u1fbc":-6,
                "\u1fb4":-6,
                "\u1fb6":-6,
                "\u1fb7":-6,
                "\u1fb2":-6,
                "\u1fb3":-6,
                "\u1f18":-9,
                "\u1f10":-6,
                "\u1f19":-9,
                "\u1f11":-6,
                "\u1f1a":-10,
                "\u1f12":-6,
                "\u1f1b":-10,
                "\u1f13":-6,
                "\u1f1c":-10,
                "\u1f14":-6,
                "\u1f1d":-10,
                "\u1f15":-6,
                "\u1fc8":-9,
                "\u1fc9":-9,
                "\u1f72":-6,
                "\u1f73":-6,
                "\u1f28":-9,
                "\u1f20":-6,
                "\u1fca":-9,
                "\u1f74":-6,
                "\u1f29":-9,
                "\u1f21":-6,
                "\u1f2a":-10,
                "\u1f22":-6,
                "\u1f2b":-10,
                "\u1f23":-6,
                "\u1f2c":-10,
                "\u1f24":-6,
                "\u1f2d":-10,
                "\u1f25":-6,
                "\u1f2e":-9,
                "\u1f26":-6,
                "\u1f2f":-9,
                "\u1f27":-6,
                "\u1f98":-9,
                "\u1f90":-6,
                "\u1f99":-9,
                "\u1f91":-6,
                "\u1f9a":-10,
                "\u1f92":-6,
                "\u1f9b":-10,
                "\u1f93":-6,
                "\u1f9c":-10,
                "\u1f94":-6,
                "\u1f9d":-10,
                "\u1f95":-6,
                "\u1f9e":-9,
                "\u1f96":-6,
                "\u1f9f":-9,
                "\u1f97":-6,
                "\u1fcb":-9,
                "\u1f75":-6,
                "\u1fcc":-6,
                "\u1fc3":-6,
                "\u1fc2":-6,
                "\u1fc4":-6,
                "\u1fc6":-6,
                "\u1fc7":-6,
                "\u1fda":-7,
                "\u1f76":-4,
                "\u1fdb":-7,
                "\u1f77":-3,
                "\u1f38":-7,
                "\u1f30":-4,
                "\u1f39":-10,
                "\u1f31":-3,
                "\u1f3a":-9,
                "\u1f32":-6,
                "\u1f3b":-8,
                "\u1f33":-6,
                "\u1f3c":-9,
                "\u1f34":-6,
                "\u1f3d":-8,
                "\u1f35":-6,
                "\u1f3e":-7,
                "\u1f36":-5,
                "\u1f3f":-7,
                "\u1f37":-5,
                "\u1fd8":-5,
                "\u1fd0":-5,
                "\u1fd9":-4,
                "\u1fd1":-4,
                "\u1fd2":-4,
                "\u1fd3":-4,
                "\u1fd6":-5,
                "\u1fd7":-5,
                "\u1ff8":-9,
                "\u1f78":-6,
                "\u1ff9":-9,
                "\u1f79":-6,
                "\u1f48":-9,
                "\u1f40":-6,
                "\u1f49":-9,
                "\u1f41":-6,
                "\u1f4a":-10,
                "\u1f42":-6,
                "\u1f4b":-10,
                "\u1f43":-6,
                "\u1f4c":-10,
                "\u1f44":-6,
                "\u1f4d":-10,
                "\u1f45":-6,
                "\u1fec":-9,
                "\u1fe4":-6,
                "\u1fe5":-6,
                "\u1fea":-9,
                "\u1f7a":-6,
                "\u1feb":-9,
                "\u1f7b":-6,
                "\u1f59":-9,
                "\u1f51":-6,
                "\u1f5b":-10,
                "\u1f53":-6,
                "\u1f5d":-10,
                "\u1f55":-6,
                "\u1f5f":-9,
                "\u1f57":-6,
                "\u1fe8":-6,
                "\u1fe0":-6,
                "\u1fe9":-6,
                "\u1fe1":-6,
                "\u03d3":-10,
                "\u03d4":-7,
                "\u1fe2":-6,
                "\u1fe3":-6,
                "\u1fe7":-6,
                "\u1f50":-6,
                "\u1f52":-6,
                "\u1f54":-6,
                "\u1fe6":-6,
                "\u1f56":-6,
                "\u1ffa":-9,
                "\u1f7c":-8,
                "\u1ffb":-9,
                "\u1f7d":-8,
                "\u1f68":-9,
                "\u1f60":-8,
                "\u1f69":-9,
                "\u1f61":-8,
                "\u1f6a":-10,
                "\u1f62":-8,
                "\u1f6b":-10,
                "\u1f63":-8,
                "\u1f6c":-10,
                "\u1f64":-8,
                "\u1f6d":-10,
                "\u1f65":-8,
                "\u1f6e":-9,
                "\u1f66":-8,
                "\u1f6f":-10,
                "\u1f67":-8,
                "\u1fa8":-9,
                "\u1fa0":-8,
                "\u1fa9":-9,
                "\u1fa1":-8,
                "\u1faa":-10,
                "\u1fa2":-8,
                "\u1fab":-10,
                "\u1fa3":-8,
                "\u1fac":-10,
                "\u1fa4":-8,
                "\u1fad":-10,
                "\u1fa5":-8,
                "\u1fae":-9,
                "\u1fa6":-8,
                "\u1faf":-10,
                "\u1fa7":-8,
                "\u1ffc":-6,
                "\u1ff3":-8,
                "\u1ff2":-8,
                "\u1ff4":-8,
                "\u1ff6":-8,
                "\u1ff7":-8,
                "\u262f":-10,
                "\u2610":-10,
                "\u2611":-10,
                "\u2612":-10,
                "\u018d":-6,
                "\u01ba":-6,
                "\u2c7e":-6,
                "\u023f":-6,
                "\u2c7f":-6,
                "\u0240":-6,
                "\u1d80":-6,
                "\ua7c4":-6,
                "\ua794":-6,
                "\u1d81":-7,
                "\u1d82":-5,
                "\u1d83":-7,
                "\ua795":-7,
                "\u1d84":-6,
                "\u1d85":-3,
                "\u1d86":-7,
                "\u1d87":-7,
                "\u1d88":-6,
                "\u1d89":-6,
                "\u1d8a":-6,
                "\u1d8b":-6,
                "\u1d8c":-6,
                "\u1d8d":-7,
                "\ua7c6":-7,
                "\u1d8e":-7,
                "\u1d8f":-7,
                "\u1d90":-7,
                "\u1d92":-7,
                "\u1d93":-7,
                "\u1d94":-6,
                "\u1d95":-7,
                "\u1d96":-3,
                "\u1d97":-7,
                "\u1d98":-6,
                "\u1d99":-7,
                "\u1d9a":-6,
                "\u1e9a":-6,
                "\u2152":-10,
                "\u2158":-10,
                "\u20a8":-10,
                "\u20af":-10,
                "\u2030":-8,
                "\u20b4":-8,
                "\u2260":-6,
                "\u04bb":-6,
                "\u0391":-6,
                "\u0392":-6,
                "\u0393":-6,
                "\u0394":-6,
                "\u0395":-6,
                "\u0396":-6,
                "\u0397":-6,
                "\u0398":-6,
                "\u0399":-4,
                "\u039a":-6,
                "\u039b":-6,
                "\u039c":-6,
                "\u039d":-6,
                "\u039e":-6,
                "\u039f":-6,
                "\u03a0":-6,
                "\u03a1":-6,
                "\u03a3":-6,
                "\u03a4":-6,
                "\u03a5":-6,
                "\u03a6":-6,
                "\u03a7":-6,
                "\u03a8":-6,
                "\u03a9":-6,
                "\u03b1":-6,
                "\u03b2":-6,
                "\u03b3":-6,
                "\u03b4":-6,
                "\u03b5":-6,
                "\u03b6":-6,
                "\u03b7":-6,
                "\u03b8":-6,
                "\u03b9":-3,
                "\u03ba":-5,
                "\u03bb":-6,
                "\u03bc":-6,
                "\u03bd":-6,
                "\u03be":-6,
                "\u03bf":-6,
                "\u03c0":-6,
                "\u03c1":-6,
                "\u03c2":-6,
                "\u03c3":-7,
                "\u03c4":-6,
                "\u03c5":-6,
                "\u03c6":-6,
                "\u03c7":-6,
                "\u03c8":-6,
                "\u03c9":-8,
                "\u0402":-8,
                "\u0405":-6,
                "\u0406":-4,
                "\u0408":-6,
                "\u0409":-8,
                "\u040a":-7,
                "\u040b":-7,
                "\u0410":-6,
                "\u0411":-6,
                "\u0412":-6,
                "\u0413":-6,
                "\u0414":-7,
                "\u0415":-6,
                "\u0416":-8,
                "\u0417":-6,
                "\u0418":-6,
                "\u041a":-6,
                "\u041b":-6,
                "\u041c":-6,
                "\u041d":-6,
                "\u041e":-6,
                "\u041f":-6,
                "\u0420":-6,
                "\u0421":-6,
                "\u0422":-6,
                "\u0423":-6,
                "\u0424":-8,
                "\u0425":-6,
                "\u0426":-7,
                "\u0427":-6,
                "\u0428":-8,
                "\u0429":-9,
                "\u042a":-7,
                "\u042b":-8,
                "\u042c":-6,
                "\u042d":-6,
                "\u042e":-8,
                "\u042f":-6,
                "\u0430":-6,
                "\u0431":-6,
                "\u0432":-6,
                "\u0433":-5,
                "\u0434":-7,
                "\u0435":-6,
                "\u0436":-6,
                "\u0437":-6,
                "\u0438":-6,
                "\u043a":-5,
                "\u043b":-6,
                "\u043c":-6,
                "\u043d":-6,
                "\u043e":-6,
                "\u043f":-6,
                "\u0440":-6,
                "\u0441":-6,
                "\u0442":-6,
                "\u0443":-6,
                "\u0444":-6,
                "\u0445":-6,
                "\u0446":-6,
                "\u0447":-6,
                "\u0448":-6,
                "\u0449":-7,
                "\u044a":-7,
                "\u044b":-7,
                "\u044c":-6,
                "\u044d":-6,
                "\u044e":-8,
                "\u044f":-6,
                "\u0454":-6,
                "\u0455":-6,
                "\u0456":-2,
                "\u0458":-6,
                "\u0459":-8,
                "\u045a":-7,
                "\u2013":-7,
                "\u2014":-9,
                "\u2018":-3,
                "\u2019":-3,
                "\u201c":-5,
                "\u201d":-5,
                "\u201e":-5,
                "\u2026":-8,
                "\u204a":-5,
                "\u2190":-8,
                "\u2191":-6,
                "\u2192":-8,
                "\u2193":-6,
                "\u21c4":-8,
                "\uff0b":-6,
                "\u018f":-6,
                "\u0259":-6,
                "\u025b":-6,
                "\u026a":-4,
                "\u04ae":-6,
                "\u04af":-6,
                "\u04e8":-6,
                "\u04e9":-6,
                "\u02bb":-2,
                "\u02cc":-2,
                "\u037e":-2,
                "\u0138":-5,
                "\u1e9e":-6,
                "\u20bd":-7,
                "\u20ac":-7,
                "\u0462":-7,
                "\u0463":-7,
                "\u0474":-7,
                "\u0475":-7,
                "\u04c0":-4,
                "\u0472":-6,
                "\u0473":-6,
                "\u2070":-5,
                "\u2074":-5,
                "\u2075":-5,
                "\u2076":-5,
                "\u2077":-5,
                "\u2078":-5,
                "\u2079":-5,
                "\u207a":-4,
                "\u207b":-4,
                "\u207c":-4,
                "\u207d":-3,
                "\u207e":-3,
                "\u2071":-2,
                "\u2122":-9,
                "\u0294":-6,
                "\u0295":-6,
                "\u29c8":-8,
                "\u2694":-8,
                "\u2620":-8,
                "\u049a":-7,
                "\u049b":-6,
                "\u0492":-7,
                "\u0493":-6,
                "\u04b0":-6,
                "\u04b1":-6,
                "\u04d8":-6,
                "\u04d9":-6,
                "\u0496":-9,
                "\u0497":-7,
                "\u04a2":-7,
                "\u04a3":-7,
                "\u04ba":-6,
                "\u05d0":-6,
                "\u05d1":-6,
                "\u05d2":-5,
                "\u05d3":-6,
                "\u05d4":-6,
                "\u05d5":-2,
                "\u05d6":-4,
                "\u05d7":-6,
                "\u05d8":-6,
                "\u05d9":-2,
                "\u05db":-6,
                "\u05dc":-6,
                "\u05de":-6,
                "\u05dd":-6,
                "\u05e0":-4,
                "\u05df":-2,
                "\u05e1":-6,
                "\u05e2":-6,
                "\u05e4":-6,
                "\u05e3":-6,
                "\u05e6":-6,
                "\u05e5":-6,
                "\u05e7":-6,
                "\u05e8":-6,
                "\u0387":-2,
                "\u2010":-4,
                "\u201a":-3,
                "\u2020":-6,
                "\u2021":-6,
                "\u2022":-3,
                "\u2031":-9,
                "\u2032":-3,
                "\u2033":-5,
                "\u2034":-7,
                "\u2035":-3,
                "\u2036":-5,
                "\u2037":-7,
                "\u2039":-4,
                "\u203a":-4,
                "\u203b":-8,
                "\u203c":-4,
                "\u203d":-6,
                "\u2042":-8,
                "\u2048":-8,
                "\u2049":-8,
                "\u204b":-7,
                "\u204e":-4,
                "\u204f":-2,
                "\u2051":-4,
                "\u2052":-4,
                "\u2057":-9,
                "\u2117":-8,
                "\u2212":-6,
                "\u2213":-6,
                "\u221e":-8,
                "\u2600":-9,
                "\u2601":-9,
                "\u2608":-8,
                "\u0404":-6,
                "\u2632":-6,
                "\u2635":-6,
                "\u263d":-9,
                "\u2640":-4,
                "\u2642":-6,
                "\u26a5":-6,
                "\u2660":-6,
                "\u2663":-6,
                "\u2665":-6,
                "\u2666":-6,
                "\u2669":-4,
                "\u266a":-6,
                "\u266b":-8,
                "\u266c":-8,
                "\u266d":-4,
                "\u266e":-4,
                "\u266f":-6,
                "\u2680":-8,
                "\u2681":-8,
                "\u2682":-8,
                "\u2683":-8,
                "\u2684":-8,
                "\u2685":-8,
                "\u02ac":-6,
                "\u26a1":-6,
                "\u26cf":-9,
                "\u2714":-7,
                "\u2744":-8,
                "\u274c":-7,
                "\u2764":-8,
                "\u2b50":-8,
                "\u2e18":-6,
                "\u2e2e":-6,
                "\u2e35":-2,
                "\u2e38":-6,
                "\u2e41":-2,
                "\u2e4b":-6,
                "\u295d":-6,
                "\u1614":-6,
                "\u0190":-6,
                "\u07c8":-6,
                "\u03db":-6,
                "\u3125":-6,
                "\u2c6f":-6,
                "\u15fa":-6,
                "\u0186":-6,
                "\u15e1":-6,
                "\u018e":-6,
                "\u2132":-6,
                "\u2141":-6,
                "\ua7b0":-6,
                "\ua780":-6,
                "\u0500":-6,
                "\ua779":-6,
                "\u1d1a":-6,
                "\u27d8":-6,
                "\u2229":-6,
                "\u0245":-6,
                "\u2144":-6,
                "\u0250":-6,
                "\u0254":-6,
                "\u01dd":-6,
                "\u025f":-5,
                "\u1d77":-6,
                "\u0265":-6,
                "\u1d09":-2,
                "\u027e":-6,
                "\u029e":-5,
                "\ua781":-3,
                "\u026f":-6,
                "\u0279":-6,
                "\u0287":-4,
                "\u028c":-6,
                "\u028d":-6,
                "\u028e":-6,
                "\u0531":-6,
                "\u0532":-6,
                "\u0533":-7,
                "\u0534":-7,
                "\u0536":-6,
                "\u0537":-6,
                "\u0539":-7,
                "\u053a":-7,
                "\u053b":-6,
                "\u053c":-5,
                "\u053d":-7,
                "\u053e":-6,
                "\u053f":-6,
                "\u0540":-6,
                "\u0541":-6,
                "\u0542":-7,
                "\u0543":-6,
                "\u0544":-7,
                "\u0545":-6,
                "\u0546":-6,
                "\u0547":-6,
                "\u0548":-6,
                "\u0549":-6,
                "\u054b":-6,
                "\u054c":-7,
                "\u054d":-6,
                "\u054e":-6,
                "\u054f":-6,
                "\u0550":-6,
                "\u0551":-6,
                "\u0552":-5,
                "\u0553":-6,
                "\u0554":-6,
                "\u0555":-6,
                "\u0556":-6,
                "\u0559":-3,
                "\u0561":-6,
                "\u0562":-6,
                "\u0563":-7,
                "\u0564":-7,
                "\u0565":-6,
                "\u0566":-7,
                "\u0567":-5,
                "\u0568":-6,
                "\u0569":-6,
                "\u056a":-7,
                "\u056b":-6,
                "\u056c":-3,
                "\u056d":-7,
                "\u056e":-6,
                "\u056f":-6,
                "\u0570":-6,
                "\u0571":-6,
                "\u0572":-7,
                "\u0573":-6,
                "\u0574":-7,
                "\u0575":-6,
                "\u0576":-7,
                "\u0577":-6,
                "\u0578":-6,
                "\u0579":-6,
                "\u057a":-6,
                "\u057b":-6,
                "\u057c":-6,
                "\u057d":-6,
                "\u057e":-7,
                "\u057f":-8,
                "\u0580":-6,
                "\u0581":-6,
                "\u0582":-5,
                "\u0583":-8,
                "\u0584":-7,
                "\u0585":-6,
                "\u0586":-6,
                "\u0587":-7,
                "\u05e9":-6,
                "\u05ea":-6,
                "\u0538":-6,
                "\u055a":-3,
                "\u055b":-3,
                "\u055c":-4,
                "\u055d":-3,
                "\u055e":-4,
                "\u055f":-6,
                "\u0560":-6,
                "\u0588":-7,
                "\u058f":-6,
                "\u017f":-4,
                "\u01b7":-6,
                "\u0292":-6,
                "\u01f7":-6,
                "\u01bf":-6,
                "\u021c":-6,
                "\u021d":-6,
                "\u0224":-6,
                "\u0225":-6,
                "\u02d9":-2,
                "\ua75a":-6,
                "\ua75b":-5,
                "\u2011":-4,
                "\u214b":-6,
                "\u23cf":-6,
                "\u23e9":-7,
                "\u23ea":-7,
                "\u23ed":-8,
                "\u23ee":-8,
                "\u23ef":-7,
                "\u23f4":-4,
                "\u23f5":-4,
                "\u23f6":-6,
                "\u23f7":-6,
                "\u23f8":-4,
                "\u23f9":-6,
                "\u23fa":-6,
                "\u23fb":-8,
                "\u23fc":-8,
                "\u23fd":-2,
                "\u2b58":-8,
                "\u25b2":-6,
                "\u25b6":-7,
                "\u25bc":-6,
                "\u25c0":-7,
                "\u25cf":-5,
                "\u25e6":-4,
                "\u25d8":-4,
                "\u2693":-8,
                "\u26e8":-8,
                "\u0132":-6,
                "\u0133":-5,
                "\u01c9":-8,
                "\ua728":-8,
                "\ua729":-7,
                "\ua739":-9,
                "\ua73b":-9,
                "\ufb00":-8,
                "\ufb01":-6,
                "\ufb02":-7,
                "\ufb03":-9,
                "\ufb05":-6,
                "\ufffd":-8,
                "\u0535":-6,
                "\u054a":-6,
                "\u16a0":-5,
                "\u16a2":-6,
                "\u16a3":-6,
                "\u16a4":-6,
                "\u16a5":-6,
                "\u16a6":-5,
                "\u16a7":-5,
                "\u16a8":-4,
                "\u16a9":-5,
                "\u16aa":-5,
                "\u16ab":-5,
                "\u16ac":-6,
                "\u16ad":-4,
                "\u16ae":-4,
                "\u16af":-6,
                "\u16b0":-6,
                "\u16b1":-5,
                "\u16b2":-4,
                "\u16b3":-5,
                "\u16b4":-5,
                "\u16b6":-6,
                "\u16b7":-6,
                "\u16b8":-6,
                "\u16b9":-5,
                "\u16ba":-6,
                "\u16bb":-6,
                "\u16bc":-6,
                "\u16bd":-4,
                "\u16be":-6,
                "\u16bf":-4,
                "\u16c0":-6,
                "\u16c1":-2,
                "\u16c2":-4,
                "\u16c3":-7,
                "\u16c4":-6,
                "\u16c5":-6,
                "\u16c6":-4,
                "\u16c7":-6,
                "\u16c8":-5,
                "\u16c9":-6,
                "\u16ca":-4,
                "\u16cb":-6,
                "\u16cc":-2,
                "\u16cd":-4,
                "\u16ce":-6,
                "\u16cf":-6,
                "\u16d0":-4,
                "\u16d1":-5,
                "\u16d2":-5,
                "\u16d3":-4,
                "\u16d4":-5,
                "\u16d5":-5,
                "\u16d6":-6,
                "\u16d7":-6,
                "\u16d8":-6,
                "\u16d9":-4,
                "\u16da":-4,
                "\u16db":-5,
                "\u16dc":-6,
                "\u16dd":-6,
                "\u16de":-6,
                "\u16df":-7,
                "\u16e0":-8,
                "\u16e1":-6,
                "\u16e2":-8,
                "\u16e3":-6,
                "\u16e4":-6,
                "\u16e5":-6,
                "\u16e6":-6,
                "\u16e7":-2,
                "\u16e8":-6,
                "\u16e9":-5,
                "\u16ea":-8,
                "\u16eb":-3,
                "\u16ec":-2,
                "\u16ed":-6,
                "\u16ee":-6,
                "\u16ef":-6,
                "\u16f0":-6,
                "\u16f1":-6,
                "\u16f2":-6,
                "\u16f3":-8,
                "\u16f4":-5,
                "\u16f5":-3,
                "\u16f6":-6,
                "\u16f7":-6,
                "\u16f8":-6,
                "\u263a":-6,
                "\u263b":-8,
                "\u2639":-6,
                "\u05da":-6,
                "\u05f3":-3,
                "\u05f4":-5,
                "\u05f0":-4,
                "\u05f1":-4,
                "\u05f2":-4,
                "\u05be":-6,
                "\u05c3":-2,
                "\u05c6":-4,
                "\u1d00":-6,
                "\u0299":-6,
                "\u1d04":-6,
                "\u1d05":-6,
                "\u1d07":-6,
                "\ua730":-6,
                "\u0262":-6,
                "\u029c":-6,
                "\u1d0a":-6,
                "\u1d0b":-6,
                "\u029f":-6,
                "\u1d0d":-6,
                "\u0274":-6,
                "\u1d0f":-6,
                "\u1d18":-6,
                "\ua7af":-6,
                "\u0280":-6,
                "\ua731":-6,
                "\u1d1b":-6,
                "\u1d1c":-6,
                "\u1d20":-6,
                "\u1d21":-6,
                "\u028f":-6,
                "\u1d22":-6,
                "\u0271":-6,
                "\u0273":-7,
                "\u0272":-7,
                "\u0288":-4,
                "\u0256":-7,
                "\u0261":-6,
                "\u02a1":-6,
                "\u0255":-6,
                "\u0291":-6,
                "\u0278":-6,
                "\u029d":-6,
                "\u02a2":-6,
                "\u027b":-7,
                "\u0281":-6,
                "\u0266":-6,
                "\u028b":-6,
                "\u0270":-6,
                "\u026c":-5,
                "\u026e":-6,
                "\u0298":-6,
                "\u01c0":-2,
                "\u01c3":-2,
                "\u01c2":-6,
                "\u01c1":-4,
                "\u0253":-6,
                "\u0257":-7,
                "\u1d91":-7,
                "\u0284":-7,
                "\u0260":-7,
                "\u029b":-7,
                "\u0267":-6,
                "\u026b":-6,
                "\u0268":-4,
                "\u0289":-8,
                "\u028a":-6,
                "\u0258":-6,
                "\u0275":-6,
                "\u0264":-6,
                "\u025c":-6,
                "\u025e":-6,
                "\u0251":-6,
                "\u0252":-6,
                "\u025a":-8,
                "\u025d":-8,
                "\u0181":-8,
                "\u0189":-7,
                "\u0191":-7,
                "\u01a9":-6,
                "\u01b2":-6,
                "\u10a0":-6,
                "\u10a1":-8,
                "\u10a2":-8,
                "\u10a3":-6,
                "\u10a4":-6,
                "\u10a5":-8,
                "\u10a6":-8,
                "\u10a7":-8,
                "\u10a8":-6,
                "\u10a9":-6,
                "\u10aa":-8,
                "\u10ab":-7,
                "\u10ac":-6,
                "\u10ad":-8,
                "\u10ae":-8,
                "\u10af":-7,
                "\u10b0":-8,
                "\u10b1":-6,
                "\u10b2":-6,
                "\u10b3":-8,
                "\u10b4":-6,
                "\u10b5":-6,
                "\u10b6":-6,
                "\u10b7":-6,
                "\u10b8":-6,
                "\u10b9":-6,
                "\u10ba":-6,
                "\u10bb":-8,
                "\u10bc":-6,
                "\u10bd":-6,
                "\u10be":-6,
                "\u10bf":-6,
                "\u10c0":-8,
                "\u10c1":-6,
                "\u10c2":-6,
                "\u10c3":-6,
                "\u10c4":-6,
                "\u10c5":-8,
                "\u10c7":-6,
                "\u10cd":-6,
                "\u10d0":-6,
                "\u10d1":-6,
                "\u10d2":-6,
                "\u10d3":-6,
                "\u10d4":-6,
                "\u10d5":-6,
                "\u10d6":-6,
                "\u10d7":-6,
                "\u10d8":-6,
                "\u10d9":-6,
                "\u10da":-8,
                "\u10db":-6,
                "\u10dc":-6,
                "\u10dd":-6,
                "\u10de":-6,
                "\u10df":-6,
                "\u10e0":-6,
                "\u10e1":-6,
                "\u10e2":-6,
                "\u10e3":-6,
                "\u10e4":-6,
                "\u10e5":-6,
                "\u10e6":-6,
                "\u10e7":-6,
                "\u10e8":-6,
                "\u10e9":-6,
                "\u10ea":-6,
                "\u10eb":-6,
                "\u10ec":-6,
                "\u10ed":-6,
                "\u10ee":-6,
                "\u10ef":-5,
                "\u10f0":-6,
                "\u10f1":-7,
                "\u10f2":-6,
                "\u10f3":-6,
                "\u10f4":-6,
                "\u10f5":-6,
                "\u10f6":-6,
                "\u10f7":-6,
                "\u10f8":-6,
                "\u10f9":-6,
                "\u10fa":-6,
                "\u10fb":-4,
                "\u10fc":-4,
                "\u10fd":-6,
                "\u10fe":-6,
                "\u10ff":-6,
                "\ufb4a":-6,
                "\ufb2b":-6,
                "\ufb4e":-6,
                "\ufb44":-6,
                "\ufb3b":-5,
                "\ufb1f":-4,
                "\ufb1d":-2,
                "\ufb4b":-3,
                "\ufb35":-4,
                "\ufb4c":-6,
                "\ufb31":-6,
                "\ua727":-6,
                "\ua726":-6,
                "\u027a":-6,
                "\u2c71":-8,
                "\u02a0":-7,
                "\u0297":-6,
                "\u0296":-6,
                "\u026d":-3,
                "\u0277":-8,
                "\u027f":-6,
                "\u0285":-6,
                "\u0286":-7,
                "\u0293":-6,
                "\u029a":-6,
                "\u20aa":-8,
                "\u20be":-7,
                "\u058a":-6,
                "\u2d00":-6,
                "\u2d01":-7,
                "\u2d02":-7,
                "\u2d03":-6,
                "\u2d04":-6,
                "\u2d05":-6,
                "\u2d06":-7,
                "\u2d21":-6,
                "\u2d07":-6,
                "\u2d08":-6,
                "\u2d09":-6,
                "\u2d0a":-6,
                "\u2d0b":-6,
                "\u2d0c":-6,
                "\u2d22":-6,
                "\u2d0d":-6,
                "\u2d0e":-7,
                "\u2d0f":-7,
                "\u2d10":-6,
                "\u2d11":-6,
                "\u2d12":-6,
                "\u2d23":-6,
                "\u2d13":-6,
                "\u2d14":-6,
                "\u2d15":-6,
                "\u2d16":-6,
                "\u2d17":-6,
                "\u2d18":-6,
                "\u2d19":-6,
                "\u2d1a":-6,
                "\u2d1b":-6,
                "\u2d1c":-6,
                "\u2d1d":-7,
                "\u2d1e":-6,
                "\u2d24":-6,
                "\u2d1f":-6,
                "\u2d20":-6,
                "\u2d25":-6,
                "\u215b":-9,
                "\u215c":-9,
                "\u215d":-9,
                "\u215e":-9,
                "\u2153":-9,
                "\u2154":-9,
                "\u2709":-8,
                "\u2602":-8,
                "\u2614":-8,
                "\u2604":-8,
                "\u26c4":-7,
                "\u2603":-8,
                "\u231b":-8,
                "\u231a":-8,
                "\u2690":-8,
                "\u270e":-8,
                "\u2763":-6,
                "\u2664":-6,
                "\u2667":-6,
                "\u2661":-6,
                "\u2662":-6,
                "\u26c8":-9,
                "\u2630":-6,
                "\u2631":-6,
                "\u2633":-6,
                "\u2634":-6,
                "\u2636":-6,
                "\u2637":-6,
                "\u2194":-9,
                "\u21d2":-9,
                "\u21cf":-9,
                "\u21d4":-9,
                "\u21f5":-7,
                "\u2200":-8,
                "\u2203":-6,
                "\u2204":-6,
                "\u2209":-6,
                "\u220b":-6,
                "\u220c":-6,
                "\u2282":-6,
                "\u2283":-6,
                "\u2284":-6,
                "\u2285":-6,
                "\u2227":-6,
                "\u2228":-6,
                "\u22bb":-6,
                "\u22bc":-6,
                "\u22bd":-6,
                "\u2225":-4,
                "\u2262":-7,
                "\u22c6":-4,
                "\u2211":-6,
                "\u22a4":-6,
                "\u22a5":-6,
                "\u22a2":-6,
                "\u22a8":-6,
                "\u2254":-8,
                "\u2201":-5,
                "\u2234":-6,
                "\u2235":-6,
                "\u221b":-8,
                "\u221c":-8,
                "\u2202":-6,
                "\u22c3":-6,
                "\u2286":-6,
                "\u2287":-6,
                "\u25a1":-6,
                "\u25b3":-6,
                "\u25b7":-7,
                "\u25bd":-6,
                "\u25c1":-7,
                "\u25c6":-6,
                "\u25c7":-6,
                "\u25cb":-6,
                "\u25ce":-8,
                "\u2606":-8,
                "\u2605":-8,
                "\u2718":-7,
                "\u2080":-5,
                "\u2081":-4,
                "\u2082":-5,
                "\u2083":-5,
                "\u2084":-5,
                "\u2085":-5,
                "\u2086":-5,
                "\u2087":-5,
                "\u2088":-5,
                "\u2089":-5,
                "\u208a":-4,
                "\u208b":-4,
                "\u208c":-4,
                "\u208d":-3,
                "\u208e":-3,
                "\u222b":-6,
                "\u222e":-6,
                "\u221d":-7,
                "\u2300":-8,
                "\u2302":-8,
                "\u2318":-8,
                "\u3012":-6,
                "\u027c":-6,
                "\u0184":-7,
                "\u0185":-7,
                "\u1e9f":-6,
                "\u023d":-7,
                "\u019a":-4,
                "\u019b":-6,
                "\u0220":-6,
                "\u019e":-6,
                "\u019f":-6,
                "\u01a7":-6,
                "\u01a8":-6,
                "\u01aa":-6,
                "\u01b8":-6,
                "\u01b9":-6,
                "\u01bb":-6,
                "\u01bc":-6,
                "\u01bd":-6,
                "\u01be":-6,
                "\u0221":-8,
                "\u0234":-4,
                "\u0235":-8,
                "\u0236":-5,
                "\u023a":-6,
                "\u2c65":-7,
                "\u023b":-6,
                "\u023c":-6,
                "\u0246":-6,
                "\u0247":-7,
                "\u023e":-6,
                "\u2c66":-6,
                "\u0241":-6,
                "\u0242":-6,
                "\u0243":-7,
                "\u0244":-8,
                "\u0248":-7,
                "\u0249":-7,
                "\u024a":-7,
                "\u024b":-7,
                "\u024c":-7,
                "\u024d":-7,
                "\u024e":-8,
                "\u024f":-8,
                "\u1e9c":-5,
                "\u1e9d":-5,
                "\u1efc":-6,
                "\u1efd":-5,
                "\u1efe":-6,
                "\u1eff":-7,
                "\ua7a8":-7,
                "\ua7a9":-6,
                "\ud800\udf30":-6,
                "\ud800\udf31":-6,
                "\ud800\udf32":-6,
                "\ud800\udf33":-6,
                "\ud800\udf34":-6,
                "\ud800\udf35":-6,
                "\ud800\udf36":-6,
                "\ud800\udf37":-6,
                "\ud800\udf38":-6,
                "\ud800\udf39":-2,
                "\ud800\udf3a":-6,
                "\ud800\udf3b":-6,
                "\ud800\udf3c":-6,
                "\ud800\udf3d":-6,
                "\ud800\udf3e":-6,
                "\ud800\udf3f":-6,
                "\ud800\udf40":-6,
                "\ud800\udf41":-6,
                "\ud800\udf42":-6,
                "\ud800\udf43":-6,
                "\ud800\udf44":-6,
                "\ud800\udf45":-6,
                "\ud800\udf46":-6,
                "\ud800\udf47":-6,
                "\ud800\udf48":-6,
                "\ud800\udf49":-6,
                "\ud800\udf4a":-6,
                "\ud83c\udf27":-9,
                "\ud83d\udd25":-7,
                "\ud83c\udf0a":-9,
                "\u2150":-9,
                "\u2151":-9,
                "\u2155":-9,
                "\u2156":-9,
                "\u2157":-9,
                "\u2159":-8,
                "\u215a":-8,
                "\u215f":-7,
                "\u2189":-9,
                "\ud83d\udde1":-9,
                "\ud83c\udff9":-9,
                "\ud83e\ude93":-7,
                "\ud83d\udd31":-9,
                "\ud83c\udfa3":-9,
                "\ud83e\uddea":-8,
                "\u2697":-8,
                "\u2bea":-8,
                "\u2beb":-8,
                "\u2c6d":-6,
                "\ud83d\udee1":-8,
                "\u2702":-8,
                "\ud83c\udf56":-9,
                "\ud83e\udea3":-8,
                "\ud83d\udd14":-8,
                "\u23f3":-8,
                "\u2691":-8,
                "\u20a0":-6,
                "\u20a1":-6,
                "\u20a2":-6,
                "\u20a3":-7,
                "\u20a4":-6,
                "\u20a5":-6,
                "\u20a6":-8,
                "\u20a9":-8,
                "\u20ab":-7,
                "\u20ad":-7,
                "\u20ae":-6,
                "\u20b0":-6,
                "\u20b1":-8,
                "\u20b2":-6,
                "\u20b3":-8,
                "\u20b5":-6,
                "\u20b6":-6,
                "\u20b7":-8,
                "\u20b8":-6,
                "\u20b9":-6,
                "\u20ba":-7,
                "\u20bb":-8,
                "\u20bc":-6,
                "\u20bf": 6
            }
        }
    ]
}
