{
  "dead": {
    "sounds": [
      {
        "name": "custom:dead"
      }
    ]
  },
  "round_start": {
    "sounds": [
      {
        "name": "custom:round_start"
      }
    ]
  },
  "basketboom_score": {
    "sounds": [
      {
        "name": "custom:basketboom_score"
      }
    ]
  },
  "match_start": {
    "sounds": [
      {
        "name": "custom:match_start"
      }
    ]
  },
  "game_music": {
    "sounds": [
      {
        "name": "custom:game_music"
      }
    ]
  },
  "main_theme": {
    "sounds": [
      {
        "name": "custom:main_theme"
      }
    ]
  },
  "overtime": {
    "sounds": [
      {
        "name": "custom:overtime"
      }
    ]
  },
  "lobby_music": {
    "sounds": [
      {
        "name": "custom:lobby_music"
      }
    ]
  },
  "air_horn": {
    "sounds": [
      {
        "name": "custom:air_horn"
      }
    ]
  }
}
